Concept_ID,Test_Year,Category,Innovation_Type,Research_Package,Sample_Size,Research_Cost_EUR,Turnaround_Days,Stated_Appeal,Purchase_Intent,Behavioural_Choice_Pct,Implicit_Score,Recommendation,Launched,Launch_Support_EUR,Distribution_Pct,Sales_vs_Target_Pct,Repeat_Purchase_Pct
C0001,2025,Snacks,Incremental improvement,Behavioural,400,"€13,940.00",18,4.8,2.9,21.7,,Stop,0,,,,
C0002,2023,Snacks,Incremental improvement,Behavioural,180,"€9,810.00",14,3.7,3.4,30.0,,Stop,0,,,,
C0003,2022,Drinks,Incremental improvement,Combined,300,"€15,950.00",20,3.8,3.8,25.6,51.3,Refine,0,,,,
C0004,2025,Drinks,Incremental improvement,Survey,180,"€7,870.00",14,4.7,2.8,,,Stop,0,,,,
C0005,2022,Drinks,Incremental improvement,Behavioural,180,"€11,860.00",14,5.0,4.2,25.1,,Refine,1,"€76,800.00",63.8,118.9,26.4
C0006,2024,Snacks,New proposition,Combined,120,"€13,920.00",14,4.2,4.4,53.2,51.9,Progress,1,"€87,300.00",74.9,116.4,32.0
C0007,2022,Snacks,Incremental improvement,Survey,300,"€10,560.00",13,3.4,2.8,,,Stop,0,,,,
C0008,2022,Drinks,Incremental improvement,Behavioural,180,"€10,290.00",15,3.4,2.6,10.8,,Stop,0,,,,
C0009,2025,Personal care,Incremental improvement,Combined,120,"€13,370.00",16,5.6,3.6,,53.2,Refine,1,"€92,900.00",62.6,,15.6
C0010,2024,Snacks,Incremental improvement,Survey,400,"€10,590.00",14,4.3,3.6,,,Stop,0,,,,
C0011,2025,Snacks,Incremental improvement,Combined,180,"€15,380.00",19,3.7,2.9,33.9,37.5,Stop,0,,,,
C0012,2022,Snacks,New proposition,Survey,240,"€7,640.00",14,4.4,4.6,,,Progress,1,"€72,600.00",50.8,82.5,23.3
C0013,2025,Personal care,Incremental improvement,Behavioural,120,"€10,840.00",14,3.9,2.8,31.8,,Stop,0,,,,
C0014,2025,Personal care,New proposition,Behavioural,240,"€12,070.00",14,5.0,5.0,44.7,,Progress,1,"€73,600.00",84.9,139.7,33.8
C0015,2024,Snacks,New proposition,Behavioural,240,"€10,830.00",13,3.1,3.0,34.6,,Stop,0,,,,
C0016,2023,Snacks,New proposition,Survey,240,"€7,730.00",13,4.4,2.9,,,Refine,0,,,,
C0017,2024,Personal care,Incremental improvement,Behavioural,180,"€11,010.00",15,2.7,2.9,0.0,,Stop,0,,,,
C0018,2024,Snacks,Incremental improvement,Combined,300,"€17,010.00",20,3.4,3.7,43.8,65.8,Progress,1,"€64,100.00",,122.7,17.9
C0019,2022,Snacks,Incremental improvement,Survey,300,"€9,610.00",12,4.4,5.8,,,Progress,1,"€40,700.00",74.3,,35.9
C0020,2025,Snacks,Incremental improvement,Combined,300,"€15,640.00",21,4.4,3.2,39.4,59.1,Refine,0,,,,
C0021,2022,Personal care,New proposition,Survey,120,"€4,480.00",9,2.8,3.0,,,Stop,0,,,,
C0022,2024,Personal care,New proposition,Combined,300,"€16,960.00",19,5.2,,43.1,67.8,Progress,0,,,,
C0023,2023,Personal care,Incremental improvement,Behavioural,400,"€14,920.00",19,6.2,4.7,30.0,,Progress,1,"€72,800.00",83.2,,24.6
C0024,2023,Drinks,Incremental improvement,Survey,300,"€9,790.00",10,4.3,3.8,,,Refine,1,"€47,200.00",41.8,145.0,
C0025,2022,Snacks,Incremental improvement,Behavioural,240,"€12,280.00",19,4.7,4.4,30.2,,Progress,0,,,,
C0026,2025,Snacks,New proposition,Survey,180,"€8,580.00",12,4.6,5.2,,,Progress,1,"€47,700.00",84.9,97.0,27.5
C0027,2025,Snacks,New proposition,Survey,180,"€7,660.00",13,3.5,2.4,,,Stop,0,,,,
C0028,2024,Drinks,New proposition,Behavioural,240,"€10,670.00",14,4.0,4.2,18.4,,Progress,1,"€35,500.00",58.2,75.7,23.3
C0029,2023,Snacks,Incremental improvement,Behavioural,240,"€10,750.00",15,3.6,3.2,9.8,,Stop,0,,,,
C0030,2024,Snacks,Incremental improvement,Combined,300,"€15,420.00",19,5.0,3.6,54.4,64.3,Progress,1,"€87,200.00",61.5,117.0,22.2
C0031,2024,Snacks,Incremental improvement,Behavioural,240,"€11,670.00",16,2.7,2.5,13.5,,Stop,1,"€65,800.00",57.3,82.3,11.2
C0032,2022,Personal care,Incremental improvement,Survey,180,"€6,180.00",9,5.1,3.7,,,Refine,0,,,,
C0033,2022,Drinks,New proposition,Behavioural,180,"€11,340.00",18,5.6,5.9,40.7,,Progress,1,"€80,100.00",57.5,75.7,50.6
C0034,2023,Snacks,Incremental improvement,Survey,400,"€11,160.00",11,,4.1,,,Refine,0,,,,
C0035,2022,Drinks,Incremental improvement,Combined,240,"€14,290.00",17,4.0,3.1,,26.7,Stop,0,,,,
C0036,2022,Snacks,Incremental improvement,Survey,300,"€9,610.00",14,3.8,4.1,,,Refine,0,,,,
C0037,2022,Personal care,Incremental improvement,Combined,240,"€16,920.00",19,4.6,3.6,32.5,53.3,Refine,1,"€99,400.00",59.8,124.5,30.9
C0038,2022,Personal care,Incremental improvement,Survey,180,"€8,300.00",14,2.5,3.0,,,Stop,0,,,,
C0039,2023,Personal care,New proposition,Combined,240,"€14,300.00",18,4.7,5.5,40.6,63.9,Progress,1,"€79,600.00",74.9,97.0,45.8
C0040,2025,Snacks,Incremental improvement,Survey,180,"€7,150.00",13,4.6,3.4,,,Refine,1,"€56,300.00",98.0,140.7,25.1
C0041,2022,Personal care,New proposition,Combined,240,"€16,080.00",19,6.6,6.1,46.4,53.4,Progress,0,,,,
C0042,2023,Snacks,Incremental improvement,Survey,180,"€7,950.00",10,3.1,2.9,,,Stop,1,"€59,600.00",42.6,104.7,18.7
C0043,2023,Snacks,New proposition,Behavioural,240,"€11,080.00",17,3.9,2.5,9.9,,Stop,0,,,,
C0044,2023,Drinks,New proposition,Behavioural,400,"€13,560.00",19,3.5,2.9,0.0,,Stop,0,,,,
C0045,2025,Drinks,Incremental improvement,Behavioural,240,"€11,820.00",18,5.0,5.8,49.2,,Progress,1,"€72,300.00",29.5,117.2,
C0046,2023,Personal care,New proposition,Behavioural,300,"€13,660.00",22,3.5,2.5,13.9,,Stop,0,,,,
C0047,2025,Snacks,Incremental improvement,Combined,300,"€17,140.00",21,4.8,3.5,49.2,52.1,Progress,1,,57.5,88.6,17.0
C0048,2024,Personal care,New proposition,Survey,240,"€8,250.00",9,3.9,4.1,,,Progress,1,"€92,800.00",56.5,110.5,29.5
C0049,2023,Drinks,Incremental improvement,Behavioural,120,"€10,600.00",13,5.3,5.2,38.7,,Progress,1,"€42,000.00",72.5,130.9,35.4
C0050,2023,Drinks,Incremental improvement,Behavioural,400,"€14,800.00",21,4.9,2.2,24.9,,Stop,0,,,,
C0051,2024,Snacks,New proposition,Behavioural,400,"€14,410.00",15,4.6,5.0,38.0,,Progress,0,,,,
C0052,2022,Drinks,Incremental improvement,Combined,300,"€16,470.00",18,5.3,3.6,,62.4,Progress,1,"€90,000.00",98.0,93.6,24.4
C0053,2024,Snacks,Incremental improvement,Combined,400,"€18,540.00",21,2.9,3.4,27.0,16.0,Stop,1,"€84,900.00",62.3,75.8,5.7
C0054,2023,Drinks,Incremental improvement,Behavioural,300,"€12,950.00",20,3.3,3.7,,,Stop,0,,,,
C0055,2022,Snacks,New proposition,Survey,240,"€7,390.00",12,3.2,3.2,,,Stop,0,,,,
C0056,2023,Drinks,Incremental improvement,Combined,180,"€14,810.00",18,3.9,3.2,37.2,61.2,Refine,0,,,,
C0057,2022,Drinks,Incremental improvement,Survey,240,"€8,780.00",13,4.8,5.0,,,Progress,1,"€54,300.00",27.0,96.8,37.4
C0058,2024,Drinks,Incremental improvement,Survey,240,"€7,900.00",14,5.4,3.7,,,Progress,1,"€56,500.00",63.3,104.6,
C0059,2023,Drinks,New proposition,Survey,300,"€10,990.00",13,4.4,,,,Stop,1,"€48,100.00",52.3,42.1,13.2
C0060,2025,Snacks,Incremental improvement,Behavioural,120,"€11,850.00",12,3.8,2.9,24.6,,Stop,1,"€46,900.00",49.6,82.5,15.1
C0061,2025,Drinks,Incremental improvement,Behavioural,180,"€8,890.00",16,4.2,3.8,40.6,,Progress,1,"€62,700.00",46.1,94.9,
C0062,2023,Snacks,New proposition,Combined,180,"€13,480.00",18,4.2,3.9,45.1,61.2,Progress,1,"€77,500.00",98.0,132.9,
C0063,2024,Personal care,New proposition,Combined,180,"€14,130.00",20,5.4,3.1,9.8,24.6,Stop,0,,,,
C0064,2024,Drinks,New proposition,Survey,180,"€6,030.00",9,,4.9,,,Progress,1,"€34,100.00",36.9,92.5,16.8
C0065,2025,Snacks,Incremental improvement,Survey,180,"€7,140.00",15,4.3,4.5,,,Progress,1,"€49,500.00",41.0,86.5,
C0066,2023,Snacks,Incremental improvement,Survey,120,"€7,830.00",14,3.9,3.4,,,Stop,0,,,,
C0067,2024,Drinks,Incremental improvement,Combined,180,"€13,720.00",18,3.9,3.7,54.4,69.8,Progress,0,,,,
C0068,2025,Drinks,Incremental improvement,Survey,240,"€8,330.00",10,4.5,3.8,,,Stop,0,,,,
C0069,2023,Personal care,Incremental improvement,Survey,300,"€10,040.00",12,3.6,,,,Progress,1,"€92,000.00",63.4,110.2,27.7
C0070,2025,Drinks,Incremental improvement,Combined,120,"€14,150.00",18,3.8,3.0,37.3,59.2,Stop,0,,,,
C0071,2022,Snacks,New proposition,Survey,240,"€9,340.00",10,6.1,4.3,,,Progress,1,"€31,600.00",43.7,38.9,23.8
C0072,2024,Snacks,Incremental improvement,Survey,180,"€8,810.00",12,5.0,5.3,,,Progress,1,"€56,900.00",40.5,109.9,26.5
C0073,2025,Drinks,New proposition,Survey,240,"€8,600.00",11,5.3,4.1,,,Progress,1,"€50,900.00",46.1,95.1,24.4
C0074,2023,Snacks,Incremental improvement,Survey,400,"€9,420.00",15,4.9,5.1,,,Progress,1,,62.0,103.9,
C0075,2024,Personal care,Incremental improvement,Combined,300,"€15,880.00",21,3.7,4.1,7.4,41.7,Stop,0,,,,
C0076,2024,Drinks,Incremental improvement,Behavioural,400,"€14,250.00",19,4.0,2.9,35.9,,Refine,0,,,,
C0077,2023,Drinks,New proposition,Survey,240,"€6,970.00",14,4.3,3.3,,,Stop,0,,,,
C0078,2023,Drinks,Incremental improvement,Survey,240,"€9,110.00",9,3.6,4.3,,,Refine,0,,,,
C0079,2022,Personal care,Incremental improvement,Behavioural,300,"€12,790.00",16,5.0,3.1,15.7,,Stop,0,,,,
C0080,2023,Drinks,Incremental improvement,Combined,300,"€17,250.00",23,3.9,2.6,27.9,50.1,Stop,0,,,,
C0081,2022,Snacks,Incremental improvement,Survey,400,"€10,460.00",16,3.7,3.2,,,Stop,1,"€41,400.00",31.7,94.7,29.0
C0082,2023,Personal care,Incremental improvement,Survey,400,"€12,570.00",14,4.5,5.1,,,Progress,1,"€67,600.00",54.3,83.2,22.7
C0083,2024,Snacks,Incremental improvement,Survey,180,"€6,190.00",12,4.4,4.3,,,Refine,1,,43.4,96.5,29.6
C0084,2024,Drinks,Incremental improvement,Survey,180,"€6,390.00",9,5.2,3.1,,,Refine,0,,,,
C0085,2023,Snacks,Incremental improvement,Survey,120,"€6,160.00",14,3.4,3.5,,,Stop,0,,,,
C0086,2023,Personal care,Incremental improvement,Survey,300,"€10,260.00",12,3.1,3.0,,,Stop,0,,,,
C0087,2023,Drinks,Incremental improvement,Survey,120,"€5,730.00",13,4.1,4.6,,,Progress,1,"€63,000.00",66.2,127.9,32.0
C0088,2024,Drinks,Incremental improvement,Combined,400,"€19,080.00",23,4.7,5.5,29.8,,Progress,1,"€44,100.00",78.5,94.2,20.5
C0089,2024,Drinks,New proposition,Behavioural,120,"€10,610.00",16,3.3,3.2,6.2,,Stop,0,,,,
C0090,2022,Drinks,New proposition,Behavioural,400,"€14,420.00",18,4.4,1.7,15.1,,Stop,0,,,,
C0091,2022,Snacks,Incremental improvement,Survey,180,"€7,990.00",7,4.7,3.2,,,Refine,1,"€63,300.00",54.4,59.3,18.0
C0092,2022,Personal care,New proposition,Behavioural,400,"€13,860.00",22,5.1,4.9,9.7,,Refine,0,,,,
C0093,2022,Drinks,New proposition,Behavioural,400,"€14,650.00",18,4.7,3.5,29.4,,Refine,1,"€141,600.00",69.4,118.7,
C0094,2025,Drinks,Incremental improvement,Behavioural,240,"€14,370.00",14,4.7,3.2,12.5,,Stop,1,"€76,400.00",56.5,96.6,26.8
C0095,2024,Snacks,New proposition,Behavioural,240,"€13,480.00",18,3.9,3.5,41.1,,Refine,0,,,,
C0096,2022,Drinks,Incremental improvement,Survey,120,"€6,130.00",10,4.2,4.0,,,Refine,0,,,,
C0097,2025,Drinks,Incremental improvement,Survey,400,"€10,520.00",14,6.5,5.1,,,Progress,0,,,,
C0098,2024,Drinks,New proposition,Behavioural,240,"€11,300.00",15,4.1,2.1,22.7,,Stop,1,"€39,000.00",51.4,74.3,12.1
C0099,2024,Snacks,Incremental improvement,Survey,120,"€6,980.00",10,,5.1,,,Progress,1,"€73,200.00",68.0,116.5,27.8
C0100,2024,Snacks,Incremental improvement,Survey,240,"€8,030.00",11,5.7,5.5,,,Progress,1,"€74,200.00",48.3,96.3,24.2
C0101,2024,Drinks,New proposition,Combined,300,"€16,650.00",20,5.3,4.8,29.6,61.8,Progress,1,"€129,200.00",69.5,77.7,26.7
C0102,2023,Drinks,Incremental improvement,Behavioural,300,"€11,470.00",19,5.0,4.4,22.0,,Progress,1,"€87,000.00",69.1,106.5,33.0
C0103,2024,Drinks,Incremental improvement,Combined,240,"€14,430.00",18,4.3,3.3,33.9,59.3,Stop,0,,,,
C0104,2023,Snacks,New proposition,Survey,300,"€11,420.00",13,5.6,4.9,,,Progress,1,"€49,900.00",75.6,104.4,33.0
C0105,2025,Snacks,New proposition,Behavioural,240,"€11,930.00",15,4.8,4.7,33.0,,Refine,0,,,,
C0106,2025,Drinks,Incremental improvement,Behavioural,300,"€12,970.00",18,4.3,3.2,32.2,,Refine,0,,,,
C0107,2025,Drinks,Incremental improvement,Combined,240,"€15,190.00",17,4.9,3.8,27.1,62.4,Refine,1,"€98,600.00",75.0,102.1,27.8
C0108,2025,Snacks,Incremental improvement,Behavioural,300,"€12,740.00",18,4.8,6.1,19.2,,Progress,1,"€41,600.00",52.5,62.7,16.1
C0109,2025,Personal care,Incremental improvement,Behavioural,180,"€10,460.00",16,3.6,3.8,17.0,,Stop,0,,,,
C0110,2025,Drinks,Incremental improvement,Survey,240,"€7,710.00",12,5.2,4.8,,,Refine,1,"€49,300.00",53.2,101.2,25.5
C0111,2024,Drinks,Incremental improvement,Behavioural,300,"€11,260.00",17,4.9,3.9,25.3,,Progress,0,,,,
C0112,2022,Snacks,Incremental improvement,Survey,180,"€6,670.00",11,4.7,4.5,,,Progress,1,"€38,600.00",35.5,81.5,21.3
C0113,2025,Personal care,Incremental improvement,Behavioural,240,"€12,880.00",13,4.3,2.7,32.8,,Stop,0,,,,
C0114,2024,Snacks,New proposition,Combined,240,"€15,570.00",21,5.5,4.1,37.2,62.8,Progress,1,"€68,400.00",55.3,,21.5
C0115,2025,Drinks,New proposition,Combined,240,"€16,030.00",19,4.8,4.4,23.5,50.7,Refine,0,,,,
C0116,2025,Snacks,Incremental improvement,Behavioural,400,"€14,920.00",17,4.6,5.5,36.5,,Progress,1,"€66,200.00",64.0,,41.7
C0117,2024,Snacks,New proposition,Combined,240,"€15,110.00",20,3.6,3.5,26.2,68.0,Stop,0,,,,
C0118,2023,Drinks,New proposition,Survey,180,"€5,800.00",8,4.1,4.6,,,Refine,0,,,,
C0119,2025,Snacks,Incremental improvement,Behavioural,180,"€10,800.00",15,4.5,3.9,48.1,,Progress,1,"€66,700.00",89.5,144.3,29.6
C0120,2024,Snacks,Incremental improvement,Combined,240,"€15,270.00",19,4.5,3.4,37.1,39.5,Refine,0,,,,
C0121,2023,Snacks,Incremental improvement,Survey,240,"€10,300.00",9,3.5,4.5,,,Progress,1,"€75,700.00",74.6,98.6,16.2
C0122,2025,Drinks,Incremental improvement,Survey,300,"€10,030.00",13,1.9,2.6,,,Stop,0,,,,
C0123,2024,Snacks,New proposition,Behavioural,300,"€12,730.00",17,5.1,4.8,38.0,,Progress,1,"€35,600.00",49.6,54.1,23.0
C0124,2025,Snacks,Incremental improvement,Behavioural,240,"€12,030.00",17,4.0,4.5,30.9,,Progress,0,,,,
C0125,2023,Snacks,Incremental improvement,Behavioural,300,"€14,160.00",18,4.5,3.3,40.5,,Progress,1,"€65,100.00",78.2,117.0,30.3
C0126,2023,Drinks,Incremental improvement,Behavioural,300,"€12,170.00",20,3.3,4.1,,,Refine,1,"€75,100.00",59.8,,40.5
C0127,2024,Snacks,Incremental improvement,Behavioural,240,"€10,490.00",17,3.5,5.8,61.0,,Progress,0,,,,
C0128,2022,Drinks,Incremental improvement,Behavioural,300,"€12,830.00",17,4.7,4.2,11.8,,Refine,1,"€89,700.00",76.0,131.3,15.1
C0129,2024,Drinks,New proposition,Combined,300,"€17,020.00",18,4.8,5.0,37.8,60.7,Progress,1,"€82,800.00",78.0,80.7,24.8
C0130,2022,Drinks,New proposition,Behavioural,300,"€11,990.00",19,4.4,4.6,21.5,,Refine,0,,,,
C0131,2024,Personal care,Incremental improvement,Combined,180,"€12,910.00",17,4.1,3.1,,42.7,Stop,1,"€83,500.00",98.0,,
C0132,2023,Snacks,Incremental improvement,Survey,400,"€12,130.00",17,4.3,2.4,,,Stop,0,,,,
C0133,2024,Snacks,New proposition,Behavioural,300,"€11,490.00",18,5.8,5.4,45.2,,Progress,1,"€55,900.00",67.7,110.8,45.2
C0134,2025,Drinks,Incremental improvement,Combined,180,"€14,400.00",19,4.0,3.1,37.7,47.4,Stop,0,,,,
C0135,2025,Snacks,Incremental improvement,Behavioural,180,"€11,280.00",14,4.0,2.8,17.7,,Stop,0,,,,
C0136,2023,Personal care,Incremental improvement,Survey,300,"€10,000.00",10,4.5,3.2,,,Refine,0,,,,
C0137,2022,Drinks,Incremental improvement,Survey,120,"€5,880.00",9,3.8,3.0,,,Stop,0,,,,
C0138,2025,Snacks,New proposition,Combined,180,"€13,140.00",19,5.5,4.8,,46.7,Refine,0,,,,
C0139,2024,Drinks,New proposition,Combined,300,"€15,380.00",18,5.7,4.1,20.6,58.0,Refine,1,"€82,700.00",46.5,45.4,28.1
C0140,2025,Drinks,Incremental improvement,Behavioural,300,"€13,250.00",14,4.1,3.5,13.9,,Stop,0,,,,
C0141,2022,Snacks,New proposition,Survey,180,"€7,530.00",10,5.1,4.9,,,Progress,0,,,,
C0142,2023,Drinks,Incremental improvement,Behavioural,240,"€12,660.00",17,5.3,4.2,23.7,,Refine,1,"€40,600.00",53.8,121.0,26.3
C0143,2022,Snacks,Incremental improvement,Behavioural,240,"€11,680.00",13,4.2,4.7,37.9,,Refine,1,"€82,100.00",,118.8,40.2
C0144,2022,Personal care,Incremental improvement,Behavioural,180,"€10,540.00",13,3.1,2.7,16.5,,Stop,0,,,,
C0145,2024,Drinks,Incremental improvement,Behavioural,240,"€11,520.00",15,4.2,3.4,28.4,,Refine,1,"€36,400.00",62.0,90.6,
C0146,2022,Snacks,Incremental improvement,Combined,180,"€12,340.00",15,3.5,2.7,26.8,29.4,Stop,0,,,,
C0147,2024,Snacks,Incremental improvement,Combined,240,"€16,360.00",19,4.5,3.9,24.4,54.2,Refine,1,"€75,500.00",67.1,88.9,22.1
C0148,2023,Drinks,Incremental improvement,Behavioural,180,"€11,450.00",15,4.8,4.9,19.7,,Refine,0,,,,
C0149,2024,Drinks,Incremental improvement,Combined,400,"€17,160.00",21,4.5,4.7,26.2,44.3,Progress,1,"€68,000.00",98.0,,24.9
C0150,2023,Drinks,New proposition,Behavioural,180,"€10,250.00",11,2.5,2.9,12.7,,Stop,1,"€34,100.00",28.9,55.4,
C0151,2022,Drinks,Incremental improvement,Behavioural,180,"€9,400.00",14,3.5,4.9,26.0,,Progress,1,"€77,800.00",87.7,81.4,15.3
C0152,2024,Snacks,New proposition,Survey,240,"€8,590.00",11,5.1,4.3,,,Progress,1,"€83,800.00",37.5,114.6,45.3
C0153,2024,Snacks,New proposition,Combined,180,"€13,380.00",19,3.9,3.9,34.0,51.1,Refine,0,,,,
C0154,2023,Personal care,New proposition,Survey,400,"€11,540.00",13,4.7,4.9,,,Progress,1,"€60,900.00",70.2,95.6,38.2
C0155,2025,Drinks,Incremental improvement,Combined,120,"€12,770.00",16,4.4,,28.1,78.6,Refine,0,,,,
C0156,2025,Drinks,Incremental improvement,Survey,300,"€9,710.00",11,4.5,4.7,,,Refine,0,,,,
C0157,2023,Drinks,New proposition,Combined,180,"€15,690.00",17,5.1,4.9,31.1,,Progress,1,"€62,100.00",71.2,98.7,30.8
C0158,2024,Snacks,Incremental improvement,Behavioural,400,"€14,740.00",19,5.1,4.0,24.8,,Refine,0,,,,
C0159,2023,Snacks,New proposition,Combined,240,"€15,650.00",18,4.5,3.0,34.2,51.6,Stop,0,,,,
C0160,2023,Personal care,New proposition,Survey,400,"€11,540.00",18,4.1,3.4,,,Refine,1,"€99,500.00",42.2,85.3,28.0
C0161,2024,Snacks,Incremental improvement,Behavioural,300,"€12,050.00",15,4.2,4.6,38.6,,Progress,1,"€17,400.00",56.7,97.6,35.8
C0162,2022,Snacks,New proposition,Survey,240,"€8,370.00",13,3.7,3.8,,,Stop,0,,,,
C0163,2023,Snacks,Incremental improvement,Survey,300,"€9,500.00",16,,5.5,,,Progress,1,"€8,000.00",45.6,88.6,
C0164,2024,Drinks,New proposition,Behavioural,400,"€14,260.00",17,5.2,4.2,36.1,,Progress,1,"€30,900.00",47.4,71.3,34.3
C0165,2025,Personal care,Incremental improvement,Combined,240,"€13,980.00",20,4.5,4.4,59.6,77.5,Progress,1,"€81,700.00",78.6,106.9,45.8
C0166,2024,Snacks,Incremental improvement,Combined,400,"€16,590.00",23,3.9,3.9,28.9,44.6,Stop,0,,,,
C0167,2022,Personal care,Incremental improvement,Survey,240,"€8,950.00",15,2.8,2.2,,,Stop,0,,,,
C0168,2024,Personal care,Incremental improvement,Behavioural,120,"€10,240.00",14,4.2,2.8,31.5,,Stop,0,,,,
C0169,2023,Personal care,Incremental improvement,Survey,180,"€8,700.00",10,4.6,4.5,,,Progress,1,,38.8,79.2,47.9
C0170,2023,Snacks,New proposition,Survey,240,"€11,390.00",9,4.8,3.9,,,Refine,0,,,,
C0171,2023,Drinks,New proposition,Survey,300,"€10,000.00",10,4.0,,,,Stop,0,,,,
C0172,2024,Personal care,New proposition,Behavioural,240,"€11,850.00",18,4.7,4.1,51.6,,Progress,0,,,,
C0173,2024,Personal care,New proposition,Behavioural,400,"€14,830.00",18,3.5,2.7,37.4,,Stop,0,,,,
C0174,2022,Drinks,New proposition,Survey,240,"€8,210.00",8,5.0,3.5,,,Refine,1,"€20,200.00",,82.5,32.2
C0175,2025,Drinks,Incremental improvement,Combined,300,"€16,630.00",23,4.9,2.6,10.7,66.2,Stop,0,,,,
C0176,2024,Drinks,New proposition,Behavioural,240,"€12,140.00",12,4.5,3.5,29.3,,Stop,0,,,,
C0177,2025,Personal care,Incremental improvement,Survey,180,"€6,830.00",13,3.6,3.5,,,Refine,0,,,,
C0178,2022,Snacks,New proposition,Combined,120,"€12,950.00",17,5.2,5.5,65.4,61.0,Progress,1,"€55,600.00",46.6,111.8,38.0
C0179,2023,Snacks,Incremental improvement,Behavioural,180,"€11,720.00",14,2.9,2.7,3.6,,Stop,0,,,,
C0180,2024,Personal care,New proposition,Combined,120,"€11,040.00",20,5.1,4.3,30.5,61.5,Progress,1,"€97,200.00",70.6,97.6,28.2
C0181,2022,Personal care,New proposition,Survey,240,"€8,330.00",12,4.0,4.2,,,Progress,1,"€72,300.00",64.0,40.4,25.7
C0182,2023,Snacks,New proposition,Behavioural,180,"€11,290.00",19,3.4,3.3,9.3,,Stop,0,,,,
C0183,2025,Snacks,Incremental improvement,Survey,300,"€11,280.00",16,4.8,4.1,,,Progress,1,"€72,800.00",48.8,115.5,26.5
C0184,2023,Snacks,Incremental improvement,Survey,120,"€7,370.00",13,5.5,3.8,,,Progress,1,"€56,000.00",45.4,111.1,27.8
C0185,2024,Snacks,Incremental improvement,Behavioural,300,"€14,990.00",16,3.1,3.3,0.0,,Stop,0,,,,
C0186,2025,Snacks,Incremental improvement,Behavioural,180,"€13,400.00",15,3.9,3.1,20.6,,Stop,0,,,,
C0187,2025,Personal care,New proposition,Behavioural,120,"€9,510.00",11,3.8,3.5,13.7,,Stop,0,,,,
C0188,2024,Personal care,Incremental improvement,Behavioural,240,"€10,950.00",15,3.8,3.7,32.2,,Stop,1,"€44,000.00",53.7,81.1,26.2
C0189,2025,Personal care,New proposition,Combined,300,"€15,600.00",23,6.9,5.6,29.4,62.9,Progress,1,"€60,800.00",86.6,151.3,47.3
C0190,2022,Snacks,Incremental improvement,Survey,120,"€7,670.00",10,4.4,4.7,,,Progress,1,"€59,400.00",,96.6,29.3
C0191,2025,Personal care,Incremental improvement,Behavioural,240,"€10,860.00",18,4.2,3.8,32.7,,Progress,0,,,,
C0192,2023,Drinks,New proposition,Survey,240,"€9,010.00",14,4.1,4.7,,,Refine,1,"€54,900.00",29.2,,34.6
C0193,2025,Drinks,Incremental improvement,Behavioural,400,"€14,060.00",18,2.8,3.4,10.9,,Stop,0,,,,
C0194,2024,Snacks,Incremental improvement,Behavioural,400,"€13,820.00",17,3.9,3.1,10.5,,Stop,0,,,,
C0195,2024,Snacks,New proposition,Behavioural,180,"€10,860.00",13,4.3,5.3,50.8,,Progress,1,"€68,800.00",73.1,133.9,32.8
C0196,2024,Snacks,New proposition,Combined,240,"€14,460.00",23,4.4,3.8,38.5,52.7,Refine,1,"€105,800.00",73.7,106.5,30.7
C0197,2023,Snacks,New proposition,Behavioural,180,"€12,360.00",16,5.0,5.5,55.3,,Progress,1,"€110,000.00",60.2,114.7,
C0198,2023,Snacks,Incremental improvement,Behavioural,300,"€13,010.00",17,4.7,4.4,25.0,,Progress,0,,,,
C0199,2022,Drinks,New proposition,Survey,240,"€8,280.00",16,6.1,5.3,,,Progress,1,"€68,000.00",46.5,60.1,21.6
C0200,2022,Drinks,New proposition,Survey,240,"€8,430.00",11,2.8,2.7,,,Stop,0,,,,
C0201,2022,Snacks,New proposition,Survey,300,"€10,310.00",15,4.2,4.4,,,Refine,0,,,,
C0202,2022,Personal care,Incremental improvement,Behavioural,240,"€13,910.00",14,3.2,2.4,10.1,,Stop,0,,,,
C0203,2022,Snacks,Incremental improvement,Survey,180,"€9,850.00",11,2.2,2.4,,,Stop,0,,,,
C0204,2025,Snacks,Incremental improvement,Survey,180,"€6,850.00",10,4.6,3.3,,,Stop,0,,,,
C0205,2025,Drinks,New proposition,Behavioural,180,"€11,330.00",17,5.2,4.4,31.1,,Refine,0,,,,
C0206,2024,Personal care,New proposition,Survey,240,"€8,290.00",15,4.1,3.7,,,Refine,1,"€58,300.00",54.9,48.9,24.1
C0207,2022,Drinks,Incremental improvement,Survey,180,"€7,300.00",9,,3.6,,,Stop,0,,,,
C0208,2025,Drinks,New proposition,Behavioural,240,"€11,330.00",18,5.5,5.4,30.2,,Progress,1,"€61,200.00",54.5,112.2,16.6
C0209,2023,Personal care,Incremental improvement,Survey,180,"€9,260.00",11,4.5,4.8,,,Progress,1,"€88,900.00",43.1,115.6,38.0
C0210,2022,Snacks,Incremental improvement,Survey,120,"€4,880.00",9,4.4,2.9,,,Stop,0,,,,
C0211,2022,Personal care,Incremental improvement,Survey,400,"€10,530.00",15,3.5,1.9,,,Stop,0,,,,
C0212,2023,Drinks,Incremental improvement,Behavioural,180,"€10,960.00",15,3.8,2.1,14.0,,Stop,0,,,,
C0213,2024,Drinks,New proposition,Survey,240,"€8,750.00",10,4.1,4.8,,,Refine,0,,,,
C0214,2022,Personal care,Incremental improvement,Behavioural,180,"€11,280.00",14,4.5,4.9,,,Progress,0,,,,
C0215,2022,Snacks,New proposition,Behavioural,120,"€10,510.00",14,4.7,3.9,37.9,,Refine,1,"€52,300.00",47.5,84.4,2.9
C0216,2022,Drinks,Incremental improvement,Survey,240,"€8,280.00",14,4.1,4.0,,,Progress,1,"€50,400.00",48.1,100.5,22.8
C0217,2024,Snacks,New proposition,Combined,180,"€13,040.00",18,4.4,4.3,47.1,,Progress,0,,,,
C0218,2025,Snacks,New proposition,Survey,300,"€9,780.00",9,4.6,3.4,,,Refine,1,"€80,500.00",,148.8,16.2
C0219,2025,Snacks,Incremental improvement,Combined,180,"€14,630.00",17,5.5,6.1,27.7,76.3,Progress,1,"€71,800.00",69.1,127.0,27.7
C0220,2024,Personal care,New proposition,Behavioural,180,"€9,660.00",20,4.7,3.5,8.5,,Stop,0,,,,
C0221,2022,Drinks,New proposition,Survey,400,"€11,300.00",16,,2.9,,,Refine,0,,,,
C0222,2025,Snacks,Incremental improvement,Behavioural,120,"€8,940.00",13,4.3,3.7,29.8,,Progress,1,,77.2,101.2,
C0223,2023,Snacks,Incremental improvement,Survey,300,"€8,990.00",10,4.6,3.9,,,Refine,0,,,,
C0224,2022,Drinks,Incremental improvement,Survey,240,"€8,250.00",12,3.2,2.8,,,Stop,1,"€55,800.00",36.1,94.0,28.1
C0225,2023,Snacks,New proposition,Survey,300,"€10,230.00",16,3.9,4.0,,,Refine,1,"€66,200.00",19.7,94.9,22.4
C0226,2023,Personal care,New proposition,Combined,180,"€14,020.00",15,4.0,3.0,,45.4,Stop,0,,,,
C0227,2022,Drinks,Incremental improvement,Behavioural,180,"€10,500.00",18,4.6,4.3,28.3,,Refine,1,"€47,200.00",64.0,94.2,20.4
C0228,2025,Drinks,New proposition,Behavioural,300,"€12,250.00",17,3.4,3.5,38.5,,Refine,0,,,,
C0229,2022,Snacks,Incremental improvement,Survey,300,"€10,010.00",13,4.3,4.4,,,Progress,1,"€67,200.00",33.2,88.4,19.6
C0230,2025,Snacks,Incremental improvement,Survey,180,"€7,590.00",10,4.1,3.0,,,Stop,0,,,,
C0231,2022,Snacks,Incremental improvement,Behavioural,120,"€8,220.00",15,3.0,3.2,24.9,,Stop,1,"€79,800.00",47.9,96.5,30.6
C0232,2023,Snacks,Incremental improvement,Survey,300,"€8,750.00",15,4.1,2.9,,,Stop,0,,,,
C0233,2023,Personal care,New proposition,Survey,300,"€11,280.00",11,3.0,3.6,,,Stop,1,"€78,300.00",70.8,76.8,
C0234,2023,Personal care,New proposition,Combined,240,"€15,460.00",20,4.4,3.3,30.5,,Stop,0,,,,
C0235,2023,Snacks,Incremental improvement,Survey,300,"€9,560.00",14,5.8,5.2,,,Progress,1,"€61,800.00",59.6,112.3,22.0
C0236,2022,Drinks,New proposition,Survey,400,"€11,570.00",14,4.6,3.5,,,Refine,0,,,,
C0237,2025,Snacks,New proposition,Survey,240,"€7,670.00",14,4.9,3.7,,,Refine,0,,,,
C0238,2023,Personal care,Incremental improvement,Behavioural,180,"€10,090.00",17,3.1,3.3,46.5,,Refine,1,"€54,200.00",67.3,69.8,42.3
C0239,2024,Drinks,New proposition,Behavioural,300,"€13,570.00",20,5.7,3.6,21.6,,Refine,1,"€51,200.00",72.4,68.7,29.7
C0240,2022,Drinks,Incremental improvement,Behavioural,300,"€12,650.00",15,4.7,4.3,42.8,,Progress,1,"€45,100.00",78.0,93.3,27.2
C0241,2025,Snacks,Incremental improvement,Survey,240,"€8,480.00",10,4.1,4.1,,,Refine,1,"€20,100.00",53.7,69.2,36.5
C0242,2023,Drinks,Incremental improvement,Behavioural,240,"€12,960.00",20,3.7,2.4,0.0,,Stop,0,,,,
C0243,2023,Personal care,New proposition,Behavioural,300,"€11,750.00",15,4.7,3.6,26.8,,Stop,0,,,,
C0244,2023,Snacks,Incremental improvement,Survey,300,"€9,870.00",12,2.1,1.8,,,Stop,0,,,,
C0245,2022,Snacks,New proposition,Survey,240,"€8,950.00",9,5.7,3.7,,,Refine,1,"€44,500.00",42.4,89.5,37.7
C0246,2024,Snacks,New proposition,Behavioural,240,"€11,390.00",18,3.8,4.0,22.9,,Refine,1,"€61,400.00",38.3,71.5,18.3
C0247,2025,Personal care,Incremental improvement,Behavioural,120,"€9,070.00",17,3.8,3.6,6.6,,Stop,0,,,,
C0248,2023,Drinks,Incremental improvement,Behavioural,120,"€9,630.00",13,3.9,2.9,28.8,,Stop,1,"€50,200.00",27.6,72.7,18.0
C0249,2025,Drinks,Incremental improvement,Survey,120,"€6,830.00",14,3.4,3.7,,,Refine,1,"€44,700.00",69.3,41.6,38.5
C0250,2024,Snacks,Incremental improvement,Combined,120,"€12,970.00",20,3.5,2.9,19.2,33.1,Stop,1,"€96,900.00",75.3,64.4,15.7
C0251,2022,Snacks,New proposition,Survey,180,"€8,320.00",11,3.4,3.8,,,Refine,1,"€72,900.00",29.4,105.5,27.4
C0252,2024,Snacks,Incremental improvement,Survey,180,"€6,910.00",12,5.1,,,,Progress,1,"€46,300.00",33.6,80.1,31.0
C0253,2023,Personal care,Incremental improvement,Combined,120,"€13,800.00",17,3.6,3.8,14.6,41.4,Stop,0,,,,
C0254,2023,Snacks,New proposition,Survey,300,"€8,900.00",13,3.5,2.6,,,Stop,0,,,,
C0255,2024,Snacks,New proposition,Survey,240,"€8,890.00",10,3.7,3.6,,,Refine,0,,,,
C0256,2025,Drinks,Incremental improvement,Combined,180,"€14,050.00",19,3.1,4.0,40.5,62.3,Progress,1,"€73,000.00",93.8,104.2,38.5
C0257,2022,Personal care,Incremental improvement,Survey,240,"€8,880.00",12,4.6,3.9,,,Refine,1,"€60,200.00",63.5,96.2,
C0258,2023,Personal care,New proposition,Survey,400,"€10,130.00",12,4.0,4.8,,,Progress,1,,32.3,68.7,32.0
C0259,2023,Personal care,Incremental improvement,Behavioural,400,"€13,900.00",18,4.3,2.4,36.9,,Refine,0,,,,
C0260,2025,Drinks,New proposition,Behavioural,400,"€15,240.00",17,4.1,4.8,40.8,,Progress,1,"€62,800.00",72.1,,36.8
C0261,2022,Snacks,New proposition,Behavioural,240,"€11,200.00",15,4.5,4.2,30.1,,Stop,0,,,,
C0262,2025,Drinks,Incremental improvement,Survey,300,"€8,660.00",15,,4.2,,,Refine,0,,,,
C0263,2022,Snacks,Incremental improvement,Combined,120,"€10,920.00",17,3.3,3.2,21.6,40.7,Stop,1,"€75,000.00",66.5,89.0,21.8
C0264,2022,Drinks,New proposition,Survey,120,"€5,490.00",12,4.9,3.9,,,Refine,0,,,,
C0265,2023,Personal care,New proposition,Survey,240,"€8,260.00",13,5.4,3.9,,,Progress,1,"€78,900.00",34.8,61.0,9.7
C0266,2022,Snacks,Incremental improvement,Survey,180,"€6,150.00",12,2.9,2.4,,,Stop,0,,,,
C0267,2023,Snacks,Incremental improvement,Survey,300,"€9,700.00",15,,4.9,,,Progress,1,"€41,900.00",27.4,113.8,45.5
C0268,2023,Snacks,Incremental improvement,Behavioural,240,"€11,260.00",17,6.8,4.6,55.0,,Progress,0,,,,
C0269,2025,Personal care,Incremental improvement,Combined,120,"€13,620.00",17,3.5,4.1,35.2,52.5,Progress,1,"€76,700.00",93.6,118.7,37.8
C0270,2023,Drinks,New proposition,Survey,300,"€7,620.00",11,6.1,4.4,,,Progress,1,"€24,800.00",14.3,63.5,28.4
C0271,2023,Snacks,Incremental improvement,Combined,300,"€16,390.00",21,3.9,3.3,22.4,,Stop,0,,,,
C0272,2024,Snacks,Incremental improvement,Behavioural,400,"€15,900.00",17,4.2,2.8,34.7,,Stop,0,,,,
C0273,2022,Snacks,Incremental improvement,Behavioural,240,"€11,580.00",15,4.1,3.7,14.5,,Stop,1,"€54,100.00",22.0,84.0,14.4
C0274,2023,Snacks,New proposition,Survey,300,"€9,000.00",14,5.2,4.8,,,Progress,1,"€43,900.00",55.8,97.2,27.9
C0275,2025,Snacks,New proposition,Combined,400,"€17,110.00",24,4.5,3.6,28.0,59.5,Refine,0,,,,
C0276,2024,Drinks,New proposition,Behavioural,120,"€9,970.00",15,3.4,,5.0,,Stop,0,,,,
C0277,2022,Snacks,New proposition,Survey,300,"€8,570.00",12,4.3,5.1,,,Progress,0,,,,
C0278,2023,Snacks,New proposition,Survey,120,"€5,960.00",11,4.9,3.6,,,Refine,0,,,,
C0279,2025,Snacks,Incremental improvement,Behavioural,240,"€13,450.00",13,3.7,3.6,20.3,,Stop,1,"€24,600.00",45.9,124.6,13.4
C0280,2023,Drinks,Incremental improvement,Survey,300,"€9,450.00",13,4.1,3.5,,,Refine,1,"€40,700.00",51.0,77.5,22.0
C0281,2023,Snacks,Incremental improvement,Survey,240,"€7,450.00",10,4.1,4.1,,,Refine,0,,,,
C0282,2023,Personal care,Incremental improvement,Behavioural,240,"€12,320.00",19,4.2,5.5,25.0,,Progress,1,"€69,800.00",66.1,111.8,24.3
C0283,2025,Snacks,New proposition,Behavioural,120,"€11,180.00",15,4.1,2.3,,,Stop,0,,,,
C0284,2023,Drinks,Incremental improvement,Combined,240,"€14,490.00",19,4.7,3.9,34.9,86.4,Progress,1,"€76,800.00",47.5,108.5,39.4
C0285,2024,Snacks,Incremental improvement,Combined,300,"€16,140.00",19,4.1,3.5,37.9,30.6,Stop,0,,,,
C0286,2024,Drinks,Incremental improvement,Behavioural,400,"€14,980.00",19,2.7,3.2,,,Refine,1,"€81,000.00",63.1,106.3,25.3
C0287,2024,Snacks,Incremental improvement,Survey,240,"€8,650.00",14,3.9,5.0,,,Progress,1,"€103,100.00",80.2,117.4,20.8
C0288,2022,Snacks,New proposition,Combined,400,"€18,380.00",23,4.7,3.8,40.9,58.7,Progress,1,"€70,400.00",51.8,69.9,37.8
C0289,2024,Snacks,New proposition,Combined,120,"€12,370.00",20,5.3,,35.2,43.8,Progress,1,"€84,100.00",44.9,117.6,21.9
C0290,2024,Snacks,Incremental improvement,Combined,120,"€12,770.00",19,4.6,4.0,34.8,53.9,Progress,1,"€78,400.00",63.6,101.8,16.9
C0291,2023,Drinks,New proposition,Survey,300,"€9,000.00",10,4.4,4.9,,,Refine,1,"€45,500.00",54.4,57.5,25.8
C0292,2025,Drinks,New proposition,Behavioural,180,"€9,140.00",10,3.2,2.9,28.6,,Stop,0,,,,
C0293,2022,Drinks,Incremental improvement,Behavioural,180,"€11,280.00",12,3.5,2.8,13.9,,Stop,1,"€52,100.00",66.2,77.7,
C0294,2024,Drinks,Incremental improvement,Behavioural,300,"€13,100.00",17,3.6,4.3,6.7,,Stop,0,,,,
C0295,2025,Personal care,New proposition,Combined,240,"€14,900.00",21,5.0,4.4,13.7,,Progress,1,"€89,600.00",98.0,107.0,18.4
C0296,2023,Snacks,Incremental improvement,Survey,240,"€9,650.00",12,4.2,4.7,,,Refine,0,,,,
C0297,2024,Snacks,New proposition,Combined,180,"€12,590.00",18,5.0,3.2,27.7,50.8,Refine,1,"€68,800.00",43.7,73.4,24.5
C0298,2024,Snacks,Incremental improvement,Survey,400,"€11,650.00",16,4.3,3.0,,,Stop,0,,,,
C0299,2023,Personal care,Incremental improvement,Survey,300,"€9,610.00",10,4.3,2.4,,,Stop,0,,,,
C0300,2022,Personal care,Incremental improvement,Combined,240,"€15,710.00",21,4.1,3.0,5.9,27.2,Stop,0,,,,
C0301,2024,Personal care,Incremental improvement,Combined,400,"€19,380.00",22,3.5,5.2,45.0,61.6,Progress,1,"€52,500.00",86.7,90.4,33.8
C0302,2022,Snacks,Incremental improvement,Behavioural,300,"€12,780.00",20,5.4,5.3,41.7,,Progress,0,,,,
C0303,2025,Snacks,Incremental improvement,Combined,300,"€17,970.00",18,4.0,3.0,33.9,51.9,Refine,0,,,,
C0304,2022,Drinks,Incremental improvement,Survey,400,"€11,420.00",10,3.5,4.2,,,Refine,1,"€81,600.00",58.3,54.1,20.9
C0305,2024,Snacks,New proposition,Combined,300,"€15,380.00",22,5.9,3.9,14.4,,Refine,0,,,,
C0306,2024,Snacks,Incremental improvement,Combined,120,"€13,660.00",21,3.4,4.7,27.5,44.8,Refine,0,,,,
C0307,2023,Personal care,Incremental improvement,Survey,180,"€7,190.00",11,5.7,3.8,,,Refine,1,"€64,800.00",27.7,97.4,30.8
C0308,2024,Snacks,Incremental improvement,Behavioural,300,"€13,230.00",18,4.5,5.2,,,Refine,1,"€20,100.00",41.8,90.5,
C0309,2025,Drinks,New proposition,Combined,120,"€13,450.00",15,4.1,3.0,24.5,38.2,Stop,0,,,,
C0310,2025,Drinks,Incremental improvement,Combined,300,"€15,900.00",21,3.9,3.5,33.7,69.8,Refine,0,,,,
C0311,2025,Personal care,Incremental improvement,Behavioural,400,"€14,060.00",17,5.0,4.1,46.1,,Progress,0,,,,
C0312,2024,Snacks,New proposition,Combined,180,"€13,840.00",20,4.7,4.9,40.2,64.8,Progress,1,"€80,900.00",,105.9,35.4
C0313,2024,Snacks,Incremental improvement,Combined,120,"€12,060.00",14,4.5,4.5,,26.6,Stop,0,,,,
C0314,2024,Snacks,Incremental improvement,Behavioural,120,"€11,640.00",16,4.6,4.6,13.0,,Refine,0,,,,
C0315,2024,Snacks,Incremental improvement,Combined,400,"€19,730.00",23,3.8,3.5,32.9,62.1,Stop,0,,,,
C0316,2024,Drinks,Incremental improvement,Behavioural,120,"€10,850.00",13,4.1,3.2,34.6,,Refine,1,"€54,900.00",87.5,,29.7
C0317,2025,Personal care,New proposition,Survey,300,"€8,950.00",14,3.7,3.2,,,Stop,0,,,,
C0318,2023,Snacks,Incremental improvement,Survey,400,"€10,860.00",11,3.5,3.4,,,Stop,0,,,,
C0319,2024,Drinks,Incremental improvement,Combined,240,"€16,180.00",20,5.6,3.5,30.1,55.6,Refine,1,"€102,600.00",76.2,80.3,21.8
C0320,2022,Snacks,Incremental improvement,Survey,400,"€10,150.00",14,3.1,4.8,,,Refine,1,"€25,300.00",39.4,78.3,20.2
C0321,2025,Drinks,New proposition,Behavioural,120,"€11,930.00",12,4.3,4.7,43.4,,Progress,1,,58.0,96.0,30.7
C0322,2023,Snacks,Incremental improvement,Behavioural,240,"€11,750.00",17,4.8,,36.8,,Progress,1,,57.3,,22.3
C0323,2022,Drinks,New proposition,Survey,180,"€6,670.00",13,4.9,4.4,,,Progress,1,"€70,900.00",52.9,52.7,13.6
C0324,2023,Snacks,Incremental improvement,Combined,400,"€18,350.00",21,4.2,4.4,25.6,25.8,Refine,0,,,,
C0325,2023,Personal care,Incremental improvement,Behavioural,300,"€13,010.00",15,4.7,4.2,17.9,,Refine,0,,,,
C0326,2023,Snacks,Incremental improvement,Behavioural,300,"€13,260.00",14,4.3,2.9,24.0,,Stop,1,"€57,200.00",,117.7,15.5
C0327,2025,Drinks,Incremental improvement,Behavioural,400,"€15,570.00",19,4.6,2.7,14.5,,Stop,0,,,,
C0328,2023,Personal care,New proposition,Survey,300,"€10,410.00",10,5.0,4.2,,,Refine,1,"€82,600.00",48.6,74.7,32.7
C0329,2023,Snacks,Incremental improvement,Combined,240,"€14,900.00",21,4.6,3.6,,52.1,Progress,1,"€88,400.00",62.7,82.7,
C0330,2024,Drinks,New proposition,Survey,180,"€7,740.00",10,4.0,3.8,,,Refine,1,,52.5,,26.7
C0331,2022,Personal care,New proposition,Combined,120,"€13,130.00",18,4.7,3.7,29.2,47.2,Refine,1,"€117,000.00",80.4,96.2,27.2
C0332,2024,Snacks,New proposition,Combined,240,"€14,550.00",17,5.9,4.3,24.9,45.1,Progress,1,"€99,700.00",71.5,92.2,24.1
C0333,2024,Personal care,New proposition,Survey,300,"€9,000.00",15,5.0,4.5,,,Progress,1,,79.0,,
C0334,2023,Drinks,Incremental improvement,Behavioural,180,"€9,430.00",14,4.9,5.4,48.8,,Progress,0,,,,
C0335,2023,Snacks,Incremental improvement,Behavioural,300,"€11,650.00",15,4.3,3.0,26.2,,Stop,1,"€92,600.00",37.5,52.1,5.4
C0336,2022,Drinks,Incremental improvement,Combined,300,"€17,780.00",21,3.1,3.4,5.4,60.7,Stop,1,"€104,900.00",80.8,111.5,
C0337,2025,Drinks,Incremental improvement,Combined,300,"€15,350.00",21,4.5,3.5,11.6,51.7,Stop,0,,,,
C0338,2024,Personal care,Incremental improvement,Behavioural,180,"€9,570.00",15,2.9,5.2,35.9,,Progress,1,"€42,600.00",,99.9,23.4
C0339,2024,Personal care,Incremental improvement,Behavioural,400,"€15,180.00",17,4.2,3.8,32.6,,Refine,0,,,,
C0340,2022,Drinks,Incremental improvement,Behavioural,180,"€11,980.00",14,2.7,3.7,,,Stop,0,,,,
C0341,2024,Snacks,Incremental improvement,Behavioural,180,"€10,460.00",14,4.6,5.1,28.4,,Progress,0,,,,
C0342,2023,Personal care,Incremental improvement,Behavioural,120,"€10,440.00",12,4.1,5.0,30.8,,Progress,1,"€83,700.00",,86.8,25.4
C0343,2023,Drinks,Incremental improvement,Behavioural,240,"€13,120.00",16,2.6,2.8,8.2,,Stop,0,,,,
C0344,2022,Snacks,Incremental improvement,Behavioural,300,"€13,260.00",14,5.3,3.6,29.3,,Refine,1,"€35,100.00",32.2,,21.3
C0345,2022,Drinks,Incremental improvement,Behavioural,180,"€10,300.00",14,3.0,4.5,18.7,,Refine,1,,79.2,79.0,32.5
C0346,2023,Personal care,New proposition,Survey,300,"€9,220.00",10,4.3,3.6,,,Progress,1,"€42,100.00",57.7,97.2,
C0347,2025,Snacks,Incremental improvement,Combined,240,"€14,340.00",17,5.2,3.9,50.4,62.2,Progress,1,"€90,400.00",62.9,102.9,25.9
C0348,2024,Drinks,Incremental improvement,Survey,240,"€7,500.00",13,2.8,,,,Refine,1,"€23,900.00",68.9,87.8,29.5
C0349,2024,Snacks,New proposition,Combined,240,"€14,390.00",24,3.9,3.8,17.2,43.9,Refine,1,"€100,100.00",74.9,82.6,13.4
C0350,2023,Snacks,Incremental improvement,Survey,120,"€7,090.00",9,5.1,5.0,,,Progress,1,"€89,500.00",42.9,95.2,17.7
C0351,2023,Personal care,New proposition,Combined,400,"€17,220.00",23,4.1,2.9,17.4,23.3,Stop,0,,,,
C0352,2022,Snacks,New proposition,Combined,300,"€15,600.00",18,4.3,3.2,29.8,39.0,Refine,1,"€104,000.00",80.6,94.9,17.2
C0353,2022,Personal care,Incremental improvement,Survey,180,"€8,370.00",12,4.2,,,,Stop,0,,,,
C0354,2025,Snacks,Incremental improvement,Survey,300,"€8,870.00",13,5.1,3.7,,,Refine,1,"€10,100.00",45.1,83.8,27.4
C0355,2023,Snacks,Incremental improvement,Survey,400,"€11,450.00",14,4.0,3.3,,,Stop,0,,,,
C0356,2022,Snacks,Incremental improvement,Behavioural,240,"€10,870.00",12,5.3,,37.4,,Refine,1,"€37,400.00",41.3,95.0,37.4
C0357,2022,Personal care,New proposition,Survey,240,"€9,460.00",15,5.6,3.8,,,Progress,1,,,49.9,29.7
C0358,2023,Snacks,New proposition,Combined,400,"€19,070.00",22,4.9,4.9,29.5,66.2,Progress,0,,,,
C0359,2022,Snacks,New proposition,Survey,240,"€7,960.00",13,3.4,3.1,,,Stop,0,,,,
C0360,2025,Snacks,Incremental improvement,Behavioural,180,"€11,900.00",15,5.0,4.6,44.5,,Progress,1,"€79,800.00",65.6,114.9,22.2
C0361,2023,Snacks,New proposition,Survey,180,"€7,500.00",8,5.9,4.9,,,Progress,1,"€59,700.00",25.4,108.7,35.8
C0362,2024,Snacks,New proposition,Combined,240,"€15,660.00",20,4.4,4.3,13.9,35.5,Refine,0,,,,
C0363,2023,Personal care,New proposition,Behavioural,180,"€10,240.00",16,3.8,3.6,32.7,,Stop,0,,,,
C0364,2025,Snacks,Incremental improvement,Survey,180,"€5,890.00",10,4.2,2.6,,,Stop,0,,,,
C0365,2025,Snacks,Incremental improvement,Combined,120,"€13,150.00",16,4.0,2.6,35.3,39.8,Stop,1,"€75,000.00",74.8,93.4,21.5
C0366,2023,Snacks,Incremental improvement,Combined,400,"€16,060.00",23,4.7,3.6,26.8,44.9,Refine,0,,,,
C0367,2022,Drinks,Incremental improvement,Behavioural,300,"€13,780.00",14,,4.4,25.8,,Refine,0,,,,
C0368,2022,Snacks,Incremental improvement,Behavioural,400,"€14,400.00",18,3.7,3.6,36.7,,Refine,1,"€62,000.00",59.3,117.5,23.7
C0369,2023,Snacks,Incremental improvement,Survey,300,"€8,170.00",13,4.2,4.4,,,Stop,0,,,,
C0370,2024,Snacks,Incremental improvement,Survey,240,"€8,610.00",9,4.5,4.1,,,Refine,1,,57.7,78.7,25.1
C0371,2022,Snacks,Incremental improvement,Combined,300,"€16,020.00",22,4.4,4.6,,41.1,Progress,1,"€84,200.00",72.9,83.5,35.8
C0372,2024,Drinks,Incremental improvement,Behavioural,400,"€16,710.00",15,3.9,3.6,5.7,,Stop,0,,,,
C0373,2023,Personal care,New proposition,Combined,240,"€14,680.00",21,4.2,4.2,38.6,44.3,Progress,1,"€79,300.00",67.3,106.4,38.3
C0374,2025,Snacks,New proposition,Behavioural,180,"€10,820.00",16,4.7,3.3,20.8,,Stop,1,"€81,900.00",40.2,81.7,10.2
C0375,2023,Personal care,Incremental improvement,Survey,400,"€10,840.00",14,2.8,2.9,,,Stop,0,,,,
C0376,2023,Snacks,New proposition,Behavioural,240,"€11,000.00",16,5.0,5.4,37.4,,Progress,1,"€49,900.00",69.6,96.8,33.3
C0377,2024,Drinks,Incremental improvement,Combined,180,"€14,400.00",16,4.3,,34.5,47.0,Progress,1,"€101,700.00",58.0,80.9,27.0
C0378,2025,Snacks,New proposition,Combined,300,"€15,220.00",20,3.5,3.8,37.5,44.7,Refine,1,"€61,400.00",70.0,,
C0379,2025,Snacks,Incremental improvement,Behavioural,240,"€11,980.00",15,5.4,5.0,38.2,,Progress,1,"€96,600.00",54.0,76.3,
C0380,2025,Personal care,New proposition,Combined,400,"€16,150.00",25,4.8,3.9,42.4,71.5,Progress,1,"€149,500.00",73.4,119.6,
C0381,2022,Drinks,Incremental improvement,Combined,240,"€15,130.00",23,5.5,4.3,32.1,,Progress,1,"€102,600.00",65.4,123.5,15.4
C0382,2023,Snacks,Incremental improvement,Behavioural,400,"€14,730.00",17,3.9,2.8,13.2,,Stop,0,,,,
C0383,2023,Snacks,Incremental improvement,Behavioural,120,"€9,270.00",19,4.1,4.7,16.7,,Stop,1,"€49,300.00",73.9,112.7,13.0
C0384,2023,Personal care,Incremental improvement,Behavioural,300,"€13,680.00",18,3.8,4.8,23.7,,Refine,1,"€64,000.00",51.5,83.0,34.3
C0385,2024,Snacks,New proposition,Survey,180,"€8,120.00",11,4.4,3.6,,,Refine,0,,,,
C0386,2023,Snacks,Incremental improvement,Behavioural,120,"€9,920.00",18,4.0,4.4,35.4,,Progress,1,"€84,400.00",72.2,136.3,24.2
C0387,2023,Drinks,New proposition,Combined,240,"€15,440.00",22,3.9,3.5,17.5,24.3,Stop,0,,,,
C0388,2024,Personal care,New proposition,Combined,240,"€14,250.00",20,4.2,5.0,35.0,61.4,Progress,1,"€77,200.00",,86.7,16.9
C0389,2023,Personal care,Incremental improvement,Combined,120,"€13,100.00",20,4.2,4.7,35.6,63.4,Progress,1,"€105,200.00",60.0,92.9,51.2
C0390,2023,Snacks,Incremental improvement,Survey,240,"€8,150.00",13,4.9,4.1,,,Progress,1,"€56,500.00",58.2,126.7,34.9
C0391,2025,Snacks,Incremental improvement,Behavioural,300,"€12,610.00",14,4.4,1.7,26.5,,Stop,1,"€61,100.00",93.2,97.9,20.0
C0392,2025,Personal care,New proposition,Combined,400,"€18,520.00",23,4.2,3.7,24.3,33.8,Stop,0,,,,
C0393,2025,Personal care,Incremental improvement,Behavioural,240,"€12,410.00",17,5.5,3.3,,,Progress,1,"€89,200.00",82.1,157.0,45.7
C0394,2024,Snacks,Incremental improvement,Survey,300,"€8,590.00",11,4.6,4.8,,,Progress,1,"€42,200.00",30.3,66.3,21.1
C0395,2025,Personal care,Incremental improvement,Combined,180,"€13,470.00",18,4.4,4.7,37.0,,Progress,1,"€96,200.00",47.8,100.0,28.8
C0396,2023,Drinks,Incremental improvement,Behavioural,300,"€12,830.00",14,5.0,4.6,39.1,,Progress,1,"€81,500.00",51.5,101.2,33.1
C0397,2025,Personal care,Incremental improvement,Combined,180,"€14,510.00",22,3.9,3.2,13.8,71.0,Stop,0,,,,
C0398,2025,Drinks,Incremental improvement,Combined,180,"€14,130.00",19,4.7,4.5,39.4,56.1,Progress,1,"€59,400.00",76.8,78.1,26.8
C0399,2022,Drinks,New proposition,Behavioural,180,"€12,170.00",13,5.2,3.9,26.1,,Refine,0,,,,
C0400,2024,Drinks,Incremental improvement,Combined,180,"€13,810.00",23,4.7,3.9,27.4,,Refine,0,,,,
C0401,2024,Drinks,Incremental improvement,Survey,300,"€8,280.00",11,5.8,4.9,,,Progress,1,"€75,500.00",48.8,57.4,22.1
C0402,2023,Drinks,Incremental improvement,Survey,300,"€8,100.00",16,5.2,4.2,,,Progress,0,,,,
C0403,2022,Snacks,Incremental improvement,Combined,300,"€15,700.00",18,4.2,4.1,32.1,56.6,Progress,1,"€64,000.00",46.6,94.4,20.9
C0404,2024,Drinks,Incremental improvement,Behavioural,300,"€13,100.00",13,4.1,3.5,23.9,,Stop,1,,85.4,120.8,13.9
C0405,2024,Personal care,Incremental improvement,Survey,180,"€7,830.00",14,3.7,3.3,,,Stop,1,"€76,200.00",51.6,89.2,11.4
C0406,2024,Drinks,Incremental improvement,Combined,400,"€17,670.00",21,4.2,1.5,21.8,49.2,Stop,0,,,,
C0407,2023,Personal care,Incremental improvement,Survey,400,"€10,620.00",14,4.1,,,,Stop,0,,,,
C0408,2022,Drinks,New proposition,Behavioural,300,"€12,790.00",20,5.1,4.4,44.8,,Progress,1,"€88,400.00",70.9,,
C0409,2025,Snacks,Incremental improvement,Behavioural,240,"€12,030.00",11,4.9,5.0,40.8,,Progress,0,,,,
C0410,2023,Drinks,Incremental improvement,Combined,120,"€11,560.00",18,3.6,3.4,36.0,42.2,Refine,1,"€99,700.00",98.0,97.7,17.9
C0411,2025,Drinks,Incremental improvement,Behavioural,400,"€14,070.00",20,4.4,4.0,44.7,,Progress,1,"€78,000.00",79.2,95.8,36.5
C0412,2025,Snacks,New proposition,Behavioural,180,"€8,350.00",15,3.6,3.4,23.0,,Refine,1,"€74,400.00",48.9,79.3,16.1
C0413,2022,Snacks,Incremental improvement,Survey,240,"€8,970.00",11,3.5,3.0,,,Stop,0,,,,
C0414,2022,Drinks,New proposition,Behavioural,300,"€13,390.00",18,4.4,3.5,42.3,,Refine,1,"€57,200.00",34.4,63.3,29.8
C0415,2025,Drinks,Incremental improvement,Behavioural,300,"€14,920.00",14,3.7,4.7,18.8,,Refine,1,"€34,600.00",63.2,88.6,14.5
C0416,2023,Snacks,Incremental improvement,Behavioural,300,"€12,750.00",17,3.9,2.9,17.9,,Stop,0,,,,
C0417,2024,Snacks,Incremental improvement,Survey,180,"€6,980.00",10,5.5,4.8,,,Progress,1,"€72,800.00",37.5,121.7,34.1
C0418,2022,Personal care,New proposition,Survey,180,"€9,580.00",10,4.5,4.1,,,Refine,0,,,,
C0419,2024,Snacks,Incremental improvement,Survey,180,"€8,700.00",12,4.3,3.8,,,Progress,1,"€56,200.00",33.3,81.3,18.0
C0420,2022,Snacks,New proposition,Survey,120,"€5,470.00",8,4.8,4.4,,,Refine,0,,,,
C0421,2022,Snacks,Incremental improvement,Survey,300,"€9,130.00",10,4.4,4.2,,,Refine,1,"€53,900.00",45.5,99.8,2.7
C0422,2025,Snacks,Incremental improvement,Survey,180,"€5,430.00",8,,3.1,,,Stop,0,,,,
C0423,2024,Snacks,Incremental improvement,Behavioural,300,"€11,870.00",16,4.4,4.5,34.7,,Progress,0,,,,
C0424,2023,Snacks,Incremental improvement,Behavioural,240,"€12,160.00",16,,2.2,26.8,,Stop,0,,,,
C0425,2024,Personal care,Incremental improvement,Survey,240,"€8,960.00",10,4.4,3.1,,,Refine,0,,,,
C0426,2025,Drinks,Incremental improvement,Behavioural,300,"€12,070.00",14,4.3,4.3,26.9,,Refine,0,,,,
C0427,2024,Personal care,Incremental improvement,Combined,180,"€15,380.00",18,3.4,3.4,38.8,56.7,Stop,0,,,,
C0428,2023,Snacks,New proposition,Survey,180,"€7,770.00",13,3.5,3.8,,,Stop,0,,,,
C0429,2022,Snacks,Incremental improvement,Behavioural,300,"€12,440.00",18,4.6,4.5,27.8,,Refine,1,"€68,700.00",52.7,127.9,16.3
C0430,2024,Snacks,New proposition,Combined,300,"€14,660.00",20,5.1,3.1,,44.8,Progress,1,"€68,300.00",70.4,115.5,22.1
C0431,2025,Drinks,Incremental improvement,Combined,240,"€14,490.00",18,3.7,3.0,1.6,38.0,Stop,1,"€66,700.00",67.3,55.8,13.0
C0432,2022,Drinks,Incremental improvement,Survey,240,"€8,020.00",17,4.5,3.3,,,Stop,0,,,,
C0433,2025,Snacks,Incremental improvement,Behavioural,180,"€10,470.00",15,3.2,3.7,20.7,,Refine,0,,,,
C0434,2023,Snacks,Incremental improvement,Combined,180,"€13,740.00",20,3.4,3.4,10.9,38.8,Stop,0,,,,
C0435,2023,Personal care,Incremental improvement,Survey,120,"€5,150.00",9,3.9,4.3,,,Refine,1,"€54,000.00",36.9,68.0,26.5
C0436,2023,Drinks,Incremental improvement,Survey,180,"€7,610.00",11,4.2,3.2,,,Refine,0,,,,
C0437,2024,Drinks,New proposition,Behavioural,180,"€9,790.00",14,4.4,3.8,28.7,,Refine,1,"€88,800.00",57.3,100.9,27.5
C0438,2024,Snacks,Incremental improvement,Survey,240,"€8,320.00",11,4.2,3.7,,,Refine,1,"€35,400.00",36.3,53.2,11.4
C0439,2023,Snacks,New proposition,Survey,240,"€10,600.00",14,4.4,3.9,,,Refine,1,,37.9,73.4,
C0440,2024,Drinks,Incremental improvement,Behavioural,300,"€13,150.00",14,4.5,4.6,51.5,,Progress,1,"€61,500.00",55.3,96.2,24.6
C0441,2024,Drinks,New proposition,Combined,180,"€14,150.00",18,5.4,2.7,26.2,,Stop,0,,,,
C0442,2025,Snacks,Incremental improvement,Combined,400,"€19,110.00",23,5.8,5.8,45.4,63.5,Progress,1,"€61,500.00",95.4,143.1,31.7
C0443,2022,Snacks,New proposition,Survey,300,"€7,950.00",13,5.3,5.4,,,Progress,1,,44.9,54.4,22.8
C0444,2023,Snacks,Incremental improvement,Behavioural,300,"€14,280.00",18,3.1,3.4,,,Stop,0,,,,
C0445,2025,Drinks,Incremental improvement,Combined,300,"€16,070.00",21,4.3,4.7,41.6,50.6,Progress,1,"€93,700.00",98.0,114.5,33.8
C0446,2022,Snacks,New proposition,Survey,240,"€7,810.00",8,4.4,4.7,,,Progress,1,"€29,400.00",50.2,113.4,28.3
C0447,2025,Snacks,Incremental improvement,Behavioural,180,"€10,570.00",14,5.8,4.6,37.5,,Progress,1,"€52,800.00",,83.6,24.0
C0448,2022,Snacks,Incremental improvement,Survey,300,"€9,780.00",12,4.0,3.8,,,Stop,1,"€36,900.00",62.9,110.0,19.0
C0449,2024,Drinks,Incremental improvement,Survey,240,"€8,670.00",15,5.1,5.0,,,Progress,0,,,,
C0450,2024,Drinks,New proposition,Behavioural,300,"€12,530.00",16,3.1,2.0,21.8,,Stop,0,,,,
C0451,2022,Drinks,Incremental improvement,Survey,300,"€11,250.00",15,4.8,4.8,,,Progress,1,"€40,500.00",60.5,100.2,26.0
C0452,2025,Drinks,Incremental improvement,Combined,240,"€13,960.00",21,5.0,4.9,33.3,57.7,Progress,1,"€58,400.00",42.7,114.0,26.5
C0453,2023,Personal care,Incremental improvement,Combined,300,"€16,230.00",20,4.2,3.5,29.7,49.8,Refine,0,,,,
C0454,2023,Drinks,New proposition,Combined,400,"€18,540.00",26,4.5,5.0,21.2,53.2,Progress,1,"€52,900.00",55.5,63.0,
C0455,2025,Personal care,Incremental improvement,Behavioural,180,"€11,500.00",10,3.8,5.3,32.4,,Progress,1,"€71,300.00",67.4,95.2,27.9
C0456,2023,Snacks,Incremental improvement,Survey,120,"€8,570.00",11,3.4,1.6,,,Stop,0,,,,
C0457,2024,Snacks,Incremental improvement,Combined,180,"€12,980.00",20,4.2,4.5,34.8,71.1,Progress,1,"€90,100.00",59.1,112.0,32.7
C0458,2024,Snacks,New proposition,Combined,300,"€15,470.00",19,,3.8,26.7,66.8,Refine,1,"€65,700.00",70.2,66.9,22.9
C0459,2025,Drinks,Incremental improvement,Behavioural,300,"€13,350.00",16,4.5,4.0,29.6,,Refine,0,,,,
C0460,2025,Personal care,New proposition,Behavioural,300,"€13,060.00",16,5.1,4.3,39.7,,Progress,0,,,,
C0461,2022,Drinks,New proposition,Behavioural,240,"€12,150.00",16,4.1,5.1,41.5,,Progress,1,"€100,700.00",46.2,96.4,17.2
C0462,2023,Personal care,New proposition,Behavioural,400,"€13,990.00",16,3.3,4.6,20.0,,Refine,0,,,,
C0463,2022,Drinks,New proposition,Survey,240,"€8,630.00",13,4.9,3.1,,,Refine,0,,,,
C0464,2024,Drinks,Incremental improvement,Combined,180,"€13,000.00",17,5.5,4.7,39.8,72.2,Progress,1,"€90,600.00",45.8,133.1,27.4
C0465,2023,Drinks,New proposition,Survey,180,"€8,150.00",7,4.6,5.5,,,Progress,1,"€67,900.00",49.3,99.8,21.5
C0466,2024,Personal care,Incremental improvement,Survey,240,"€8,510.00",11,4.9,3.1,,,Refine,0,,,,
C0467,2023,Snacks,Incremental improvement,Behavioural,400,"€14,230.00",18,5.1,5.3,32.0,,Progress,0,,,,
C0468,2024,Drinks,Incremental improvement,Behavioural,400,"€13,400.00",16,4.5,3.3,25.7,,Refine,1,"€85,000.00",52.8,83.1,32.3
C0469,2023,Personal care,Incremental improvement,Behavioural,180,"€9,580.00",13,6.0,3.9,28.9,,Progress,1,,47.7,54.2,32.6
C0470,2022,Snacks,New proposition,Survey,240,"€7,880.00",11,4.6,3.4,,,Refine,0,,,,
C0471,2025,Drinks,Incremental improvement,Combined,180,"€13,900.00",19,4.5,4.2,28.4,37.2,Refine,1,,74.5,,24.6
C0472,2023,Drinks,Incremental improvement,Survey,240,"€8,870.00",11,5.1,4.4,,,Progress,1,"€56,300.00",34.0,,26.6
C0473,2025,Drinks,New proposition,Combined,180,"€14,410.00",22,4.3,2.7,40.8,51.2,Refine,0,,,,
C0474,2024,Snacks,Incremental improvement,Behavioural,180,"€11,370.00",15,4.9,3.8,41.8,,Progress,1,,37.0,83.6,31.2
C0475,2023,Drinks,New proposition,Combined,300,"€15,410.00",19,5.7,4.6,29.6,50.9,Progress,1,"€99,300.00",97.2,102.7,26.4
C0476,2025,Snacks,New proposition,Combined,180,"€13,660.00",18,4.6,4.9,27.4,48.5,Refine,0,,,,
C0477,2022,Drinks,Incremental improvement,Survey,240,"€7,830.00",13,5.1,5.3,,,Progress,1,"€8,000.00",40.6,74.6,28.5
C0478,2023,Personal care,Incremental improvement,Survey,300,"€9,040.00",10,4.2,4.3,,,Stop,0,,,,
C0479,2023,Drinks,New proposition,Behavioural,240,"€9,700.00",16,4.4,3.1,30.1,,Stop,1,,60.9,42.7,29.7
C0480,2025,Drinks,New proposition,Behavioural,400,"€14,620.00",19,4.2,4.1,19.9,,Refine,1,"€53,100.00",58.0,,20.6
C0481,2023,Drinks,Incremental improvement,Survey,240,"€9,570.00",10,6.1,4.9,,,Progress,0,,,,
C0482,2025,Snacks,Incremental improvement,Survey,300,"€10,140.00",15,5.0,3.3,,,Refine,0,,,,
C0483,2023,Drinks,New proposition,Combined,400,"€17,870.00",22,5.4,4.6,43.6,57.1,Progress,1,"€94,900.00",72.8,,
C0484,2022,Snacks,Incremental improvement,Survey,300,"€8,340.00",14,2.5,,,,Stop,0,,,,
C0485,2024,Snacks,Incremental improvement,Combined,180,"€15,020.00",24,3.4,2.3,18.6,35.2,Stop,1,"€62,900.00",84.1,106.2,3.2
C0486,2023,Snacks,Incremental improvement,Behavioural,240,"€12,210.00",17,2.5,2.7,21.6,,Stop,0,,,,
C0487,2025,Snacks,Incremental improvement,Behavioural,300,"€13,130.00",15,3.3,3.9,21.2,,Stop,0,,,,
C0488,2022,Snacks,Incremental improvement,Survey,300,"€9,890.00",11,3.6,2.1,,,Stop,0,,,,
C0489,2024,Snacks,Incremental improvement,Survey,180,"€6,480.00",14,3.5,4.2,,,Refine,0,,,,
C0490,2024,Drinks,Incremental improvement,Combined,300,"€16,450.00",20,4.0,3.1,31.2,29.4,Stop,0,,,,
C0491,2023,Drinks,Incremental improvement,Behavioural,300,"€12,760.00",15,4.1,4.4,33.9,,Progress,0,,,,
C0492,2023,Snacks,New proposition,Survey,180,"€7,090.00",10,5.2,5.0,,,Progress,1,"€39,600.00",47.6,98.3,21.5
C0493,2023,Snacks,Incremental improvement,Behavioural,300,"€12,450.00",15,4.3,4.5,43.0,,Progress,1,"€62,300.00",68.9,78.2,
C0494,2024,Personal care,New proposition,Combined,180,"€14,500.00",20,4.5,3.9,,77.4,Progress,0,,,,
C0495,2025,Drinks,New proposition,Combined,180,"€13,090.00",19,4.6,5.2,39.2,56.0,Progress,1,"€84,700.00",80.5,106.6,25.6
C0496,2024,Drinks,Incremental improvement,Combined,300,"€16,500.00",23,4.5,3.7,40.3,,Progress,1,"€47,200.00",50.5,104.0,26.1
C0497,2022,Snacks,Incremental improvement,Behavioural,180,"€11,510.00",18,4.4,3.9,33.3,,Refine,0,,,,
C0498,2024,Snacks,New proposition,Combined,180,"€13,230.00",17,4.9,3.1,16.1,28.8,Stop,0,,,,
C0499,2023,Drinks,Incremental improvement,Combined,180,"€13,680.00",23,4.6,4.5,27.9,53.2,Refine,1,"€108,900.00",80.0,79.9,
C0500,2023,Drinks,Incremental improvement,Survey,180,"€8,060.00",14,5.0,4.1,,,Refine,0,,,,
C0501,2025,Snacks,Incremental improvement,Behavioural,120,"€9,710.00",16,4.7,4.0,48.7,,Progress,1,"€59,400.00",40.2,111.6,32.7
C0502,2023,Snacks,Incremental improvement,Behavioural,300,"€14,610.00",19,3.9,3.6,31.3,,Stop,0,,,,
C0503,2023,Drinks,New proposition,Survey,400,"€11,320.00",14,4.7,4.7,,,Progress,1,"€69,500.00",20.8,58.4,
C0504,2022,Drinks,New proposition,Behavioural,300,"€12,690.00",17,4.0,3.0,2.8,,Stop,1,"€43,600.00",41.0,51.8,20.1
C0505,2022,Drinks,Incremental improvement,Survey,300,"€8,600.00",15,5.5,4.8,,,Progress,0,,,,
C0506,2022,Personal care,Incremental improvement,Survey,400,"€10,630.00",9,4.4,2.7,,,Stop,1,"€84,200.00",,102.6,24.8
C0507,2025,Drinks,New proposition,Survey,240,"€8,240.00",15,5.0,5.1,,,Progress,0,,,,
C0508,2025,Drinks,New proposition,Combined,180,"€13,160.00",17,4.2,3.8,28.6,48.7,Stop,0,,,,
C0509,2025,Drinks,Incremental improvement,Behavioural,120,"€11,280.00",13,3.7,3.1,17.9,,Stop,0,,,,
C0510,2022,Drinks,New proposition,Survey,300,"€9,540.00",13,4.4,4.8,,,Progress,1,"€51,800.00",57.6,,19.6
C0511,2025,Snacks,Incremental improvement,Combined,180,"€13,570.00",18,4.5,4.0,32.3,58.9,Refine,1,"€96,200.00",79.3,84.1,21.8
C0512,2024,Personal care,Incremental improvement,Behavioural,120,"€9,780.00",15,3.9,4.3,26.6,,Refine,1,"€50,500.00",57.9,101.9,19.6
C0513,2025,Snacks,Incremental improvement,Survey,400,"€11,860.00",11,3.1,2.9,,,Stop,1,"€27,400.00",32.9,,27.5
C0514,2022,Snacks,New proposition,Survey,240,"€9,160.00",14,4.1,4.1,,,Refine,1,"€71,300.00",60.2,87.2,26.0
C0515,2024,Drinks,New proposition,Behavioural,400,"€13,720.00",18,3.8,1.2,0.0,,Stop,0,,,,
C0516,2025,Snacks,New proposition,Combined,180,"€13,960.00",21,5.8,5.4,50.4,64.7,Progress,0,,,,
C0517,2022,Personal care,Incremental improvement,Survey,240,"€8,140.00",11,5.3,4.8,,,Progress,1,"€69,300.00",35.0,97.5,29.6
C0518,2025,Snacks,Incremental improvement,Behavioural,180,"€10,690.00",13,5.1,4.0,41.3,,Progress,1,"€60,700.00",,112.2,33.5
C0519,2023,Personal care,New proposition,Behavioural,240,"€12,780.00",15,4.1,4.1,4.9,,Refine,1,"€62,400.00",52.5,,18.7
C0520,2024,Personal care,Incremental improvement,Behavioural,400,"€15,300.00",19,4.8,3.8,45.4,,Progress,1,"€65,000.00",56.7,71.6,39.5
C0521,2025,Personal care,Incremental improvement,Combined,120,"€12,830.00",16,4.3,3.0,18.8,44.1,Stop,0,,,,
C0522,2025,Snacks,New proposition,Behavioural,300,"€12,750.00",16,5.2,4.6,35.5,,Progress,0,,,,
C0523,2025,Snacks,Incremental improvement,Behavioural,300,"€13,230.00",15,4.2,5.5,28.3,,Progress,1,"€93,700.00",68.8,124.9,39.2
C0524,2025,Drinks,New proposition,Combined,300,"€16,550.00",18,4.0,3.6,14.7,35.9,Refine,0,,,,
C0525,2025,Snacks,New proposition,Behavioural,240,"€12,350.00",16,4.3,3.9,,,Refine,0,,,,
C0526,2023,Snacks,New proposition,Survey,400,"€11,130.00",18,5.5,2.6,,,Stop,0,,,,
C0527,2023,Drinks,Incremental improvement,Combined,300,"€14,410.00",19,4.0,2.8,16.5,34.3,Stop,0,,,,
C0528,2023,Drinks,New proposition,Survey,120,"€6,260.00",10,5.2,2.9,,,Refine,1,"€49,600.00",40.4,95.5,23.3
C0529,2022,Personal care,Incremental improvement,Survey,180,"€6,910.00",9,5.8,4.0,,,Refine,1,"€67,500.00",65.9,,34.3
C0530,2023,Personal care,Incremental improvement,Behavioural,180,"€11,440.00",16,4.5,2.2,24.8,,Stop,0,,,,
C0531,2025,Snacks,New proposition,Combined,120,"€12,600.00",15,3.7,2.1,9.3,38.5,Stop,0,,,,
C0532,2022,Personal care,New proposition,Behavioural,180,"€11,360.00",16,,3.4,22.8,,Stop,0,,,,
C0533,2024,Drinks,Incremental improvement,Survey,180,"€7,760.00",11,3.8,3.9,,,Stop,0,,,,
C0534,2025,Drinks,Incremental improvement,Survey,300,"€8,150.00",10,4.4,3.1,,,Stop,0,,,,
C0535,2023,Drinks,Incremental improvement,Survey,240,"€8,270.00",14,5.2,5.1,,,Progress,0,,,,
C0536,2023,Snacks,New proposition,Survey,300,"€9,450.00",12,4.7,3.5,,,Refine,1,"€50,700.00",64.2,133.3,28.8
C0537,2023,Drinks,Incremental improvement,Behavioural,120,"€10,620.00",13,3.9,3.3,34.4,,Refine,1,"€59,100.00",70.4,141.3,29.5
C0538,2024,Snacks,New proposition,Combined,240,"€16,400.00",18,5.0,5.4,45.4,72.1,Progress,1,"€55,700.00",,,
C0539,2022,Snacks,Incremental improvement,Behavioural,300,"€12,600.00",17,4.7,,51.8,,Progress,1,"€50,900.00",69.6,117.6,48.0
C0540,2025,Drinks,New proposition,Behavioural,240,"€11,540.00",15,5.0,3.2,30.5,,Stop,1,,61.1,92.1,27.9
C0541,2025,Personal care,New proposition,Combined,240,"€14,590.00",18,5.0,4.6,32.9,,Progress,1,"€98,000.00",34.5,104.4,26.0
C0542,2023,Drinks,Incremental improvement,Survey,300,"€9,390.00",15,3.0,3.8,,,Refine,1,"€70,500.00",59.7,110.9,17.2
C0543,2022,Snacks,New proposition,Survey,180,"€8,270.00",12,5.2,4.6,,,Refine,0,,,,
C0544,2024,Drinks,New proposition,Combined,240,"€15,110.00",17,5.1,4.6,39.9,67.4,Progress,0,,,,
C0545,2023,Personal care,Incremental improvement,Survey,180,"€7,840.00",10,2.4,,,,Stop,1,"€90,700.00",64.8,,20.2
C0546,2024,Snacks,Incremental improvement,Survey,180,"€5,890.00",9,4.1,4.5,,,Refine,1,"€33,600.00",59.3,92.6,23.7
C0547,2023,Snacks,Incremental improvement,Survey,240,"€9,410.00",13,3.1,4.3,,,Refine,1,"€53,600.00",39.0,101.6,11.2
C0548,2022,Drinks,New proposition,Survey,400,"€11,630.00",16,5.2,4.8,,,Progress,1,"€58,200.00",42.5,73.5,35.5
C0549,2022,Snacks,Incremental improvement,Survey,120,"€7,570.00",11,3.5,3.3,,,Stop,0,,,,
C0550,2024,Snacks,New proposition,Survey,240,"€8,240.00",12,4.8,4.1,,,Progress,1,"€45,100.00",92.4,96.4,17.0
C0551,2023,Snacks,New proposition,Behavioural,240,"€12,020.00",14,5.3,4.6,50.6,,Progress,1,"€96,800.00",86.7,111.7,39.1
C0552,2025,Snacks,Incremental improvement,Behavioural,300,"€12,690.00",16,4.1,4.5,45.1,,Progress,1,"€91,100.00",84.8,105.8,32.7
C0553,2023,Personal care,New proposition,Survey,400,"€10,510.00",16,4.9,3.6,,,Refine,0,,,,
C0554,2023,Snacks,Incremental improvement,Behavioural,180,"€11,150.00",16,4.1,3.2,35.9,,Refine,1,"€55,200.00",79.4,109.5,26.8
C0555,2024,Snacks,Incremental improvement,Survey,300,"€8,780.00",9,5.1,4.7,,,Progress,1,"€89,300.00",75.1,119.2,34.7
C0556,2024,Personal care,New proposition,Behavioural,180,"€11,260.00",14,4.9,5.7,47.7,,Progress,1,"€67,000.00",61.3,94.7,32.9
C0557,2024,Snacks,Incremental improvement,Behavioural,300,"€11,800.00",16,3.6,3.5,37.2,,Stop,0,,,,
C0558,2025,Snacks,Incremental improvement,Combined,180,"€13,080.00",16,4.5,4.0,36.7,58.7,Progress,1,"€98,800.00",69.2,120.7,13.6
C0559,2022,Snacks,Incremental improvement,Survey,300,"€9,710.00",12,4.8,3.7,,,Stop,1,"€48,000.00",49.1,131.5,19.1
C0560,2022,Snacks,Incremental improvement,Survey,400,"€8,000.00",14,4.4,2.5,,,Stop,0,,,,
C0561,2022,Snacks,New proposition,Survey,180,"€6,970.00",9,4.7,4.7,,,Progress,0,,,,
C0562,2022,Drinks,New proposition,Survey,240,"€8,890.00",11,5.6,4.4,,,Progress,1,"€43,200.00",37.4,120.3,
C0563,2023,Personal care,Incremental improvement,Behavioural,300,"€13,420.00",18,4.7,3.6,3.6,,Stop,1,,57.8,39.4,20.8
C0564,2024,Snacks,New proposition,Behavioural,240,"€12,220.00",14,3.4,2.4,,,Stop,0,,,,
C0565,2025,Drinks,Incremental improvement,Survey,300,"€10,080.00",12,5.6,4.2,,,Progress,1,"€44,200.00",51.8,93.4,
C0566,2022,Drinks,New proposition,Behavioural,120,"€9,840.00",15,5.1,4.6,21.4,,Refine,0,,,,
C0567,2023,Snacks,Incremental improvement,Behavioural,180,"€10,600.00",14,4.0,3.9,32.6,,Refine,1,"€97,000.00",71.1,91.6,20.4
C0568,2022,Snacks,Incremental improvement,Survey,300,"€8,740.00",16,4.7,3.8,,,Refine,1,"€65,800.00",48.3,81.8,
C0569,2023,Snacks,New proposition,Survey,400,"€12,540.00",13,5.0,4.2,,,Progress,1,"€61,500.00",42.1,88.7,
C0570,2025,Personal care,New proposition,Combined,180,"€13,220.00",20,2.8,3.1,18.0,,Stop,0,,,,
C0571,2024,Drinks,Incremental improvement,Combined,240,"€15,430.00",24,5.3,5.1,21.0,44.1,Progress,0,,,,
C0572,2024,Personal care,New proposition,Behavioural,240,"€11,540.00",15,4.9,4.2,32.0,,Refine,1,"€69,400.00",,51.4,27.5
C0573,2025,Personal care,Incremental improvement,Behavioural,120,"€8,640.00",15,,2.2,22.3,,Stop,0,,,,
C0574,2025,Snacks,Incremental improvement,Combined,300,"€16,500.00",22,3.2,2.8,36.0,41.0,Stop,0,,,,
C0575,2025,Snacks,New proposition,Combined,300,"€15,340.00",19,4.9,4.3,38.6,43.7,Progress,1,"€64,900.00",83.8,72.1,18.0
C0576,2023,Drinks,Incremental improvement,Behavioural,240,"€10,360.00",14,3.4,3.5,12.7,,Stop,1,"€43,700.00",64.1,74.2,23.0
C0577,2022,Personal care,Incremental improvement,Survey,300,"€9,060.00",12,4.2,4.3,,,Refine,1,"€94,000.00",49.6,91.8,29.9
C0578,2025,Snacks,New proposition,Survey,240,"€9,920.00",11,5.0,4.0,,,Refine,0,,,,
C0579,2023,Personal care,Incremental improvement,Behavioural,180,"€11,840.00",15,5.4,4.1,48.2,,Progress,1,"€86,100.00",63.2,124.4,44.1
C0580,2024,Drinks,Incremental improvement,Survey,240,"€8,430.00",10,4.9,5.1,,,Progress,1,"€72,500.00",63.8,49.7,
C0581,2023,Drinks,New proposition,Survey,240,"€9,760.00",10,5.4,4.9,,,Progress,1,"€53,800.00",54.4,58.8,
C0582,2025,Drinks,Incremental improvement,Survey,300,"€9,440.00",17,4.7,5.5,,,Progress,1,"€22,000.00",53.4,73.2,10.7
C0583,2023,Snacks,New proposition,Behavioural,400,"€14,620.00",20,4.5,3.6,33.1,,Refine,1,"€63,100.00",82.1,103.4,26.3
C0584,2022,Drinks,Incremental improvement,Survey,120,"€8,320.00",9,3.8,4.2,,,Progress,1,,54.5,,25.4
C0585,2023,Drinks,New proposition,Survey,240,"€8,290.00",13,4.2,3.8,,,Refine,0,,,,
C0586,2025,Snacks,Incremental improvement,Combined,300,"€15,170.00",20,4.2,4.7,30.9,27.5,Refine,1,"€71,000.00",84.6,,24.3
C0587,2025,Drinks,Incremental improvement,Behavioural,180,"€11,500.00",11,4.3,4.0,34.5,,Refine,0,,,,
C0588,2024,Drinks,Incremental improvement,Combined,180,"€15,210.00",23,3.6,3.2,14.1,44.2,Stop,0,,,,
C0589,2025,Drinks,New proposition,Combined,180,"€15,290.00",18,5.8,4.0,30.8,55.6,Progress,0,,,,
C0590,2023,Drinks,Incremental improvement,Behavioural,120,"€9,220.00",13,3.2,3.2,17.4,,Stop,1,"€69,000.00",74.6,88.7,23.0
C0591,2024,Snacks,Incremental improvement,Combined,180,"€14,880.00",20,4.8,3.1,16.7,41.5,Stop,0,,,,
C0592,2025,Snacks,New proposition,Behavioural,240,"€12,710.00",16,5.3,5.6,,,Progress,1,"€52,100.00",74.8,105.0,31.3
C0593,2022,Snacks,Incremental improvement,Survey,400,"€11,360.00",14,3.6,4.0,,,Stop,1,"€55,100.00",37.1,89.7,31.1
C0594,2023,Snacks,Incremental improvement,Behavioural,240,"€12,020.00",17,4.2,4.6,19.0,,Refine,0,,,,
C0595,2023,Snacks,Incremental improvement,Survey,300,"€11,040.00",11,4.4,3.8,,,Progress,1,"€68,000.00",55.7,97.9,1.8
C0596,2024,Drinks,Incremental improvement,Behavioural,240,"€10,820.00",13,5.8,4.3,35.0,,Progress,1,"€76,500.00",66.1,107.7,32.8
C0597,2025,Snacks,New proposition,Behavioural,240,"€13,010.00",16,4.5,4.3,34.4,,Progress,1,"€111,700.00",42.8,112.7,28.3
C0598,2022,Drinks,Incremental improvement,Survey,180,"€7,060.00",10,4.5,4.5,,,Progress,1,"€57,600.00",60.0,110.9,22.2
C0599,2023,Snacks,New proposition,Survey,300,"€9,650.00",14,3.6,2.6,,,Stop,1,,53.8,50.7,10.2
C0600,2025,Drinks,Incremental improvement,Behavioural,180,"€10,300.00",14,4.9,4.5,44.1,,Refine,1,,58.7,81.2,23.7
C0601,2023,Snacks,New proposition,Combined,240,"€17,340.00",22,4.9,3.5,31.7,,Refine,1,"€53,600.00",52.5,67.8,16.5
C0602,2024,Drinks,Incremental improvement,Behavioural,240,"€10,310.00",18,3.8,3.3,30.8,,Stop,0,,,,
C0603,2022,Personal care,New proposition,Survey,180,"€5,220.00",10,4.7,3.4,,,Stop,0,,,,
C0604,2025,Snacks,New proposition,Behavioural,300,"€12,670.00",19,4.0,2.6,22.9,,Stop,0,,,,
C0605,2024,Snacks,Incremental improvement,Behavioural,180,"€10,030.00",14,4.9,5.8,48.4,,Progress,1,"€92,900.00",76.4,115.5,31.8
C0606,2025,Drinks,Incremental improvement,Combined,400,"€17,590.00",23,4.5,3.8,11.6,47.1,Stop,0,,,,
C0607,2022,Snacks,Incremental improvement,Survey,300,"€10,380.00",13,4.1,2.5,,,Stop,0,,,,
C0608,2025,Drinks,New proposition,Combined,240,"€14,800.00",18,5.2,5.5,43.9,73.3,Progress,1,"€74,900.00",23.8,102.9,30.7
C0609,2025,Personal care,Incremental improvement,Behavioural,180,"€8,560.00",12,4.7,4.5,27.0,,Refine,0,,,,
C0610,2023,Drinks,Incremental improvement,Survey,240,"€10,240.00",10,5.7,4.5,,,Progress,1,"€24,300.00",42.7,56.9,24.0
C0611,2025,Drinks,New proposition,Survey,400,"€10,460.00",12,4.0,2.5,,,Stop,1,"€60,400.00",39.2,73.0,22.3
C0612,2024,Drinks,New proposition,Behavioural,120,"€9,090.00",16,5.7,3.5,25.3,,Stop,0,,,,
C0613,2022,Snacks,Incremental improvement,Survey,400,"€11,100.00",15,3.9,4.1,,,Refine,0,,,,
C0614,2022,Drinks,Incremental improvement,Survey,240,"€9,350.00",7,4.5,2.6,,,Stop,0,,,,
C0615,2025,Drinks,Incremental improvement,Combined,180,"€15,180.00",20,4.2,3.9,31.7,46.9,Refine,1,"€56,200.00",61.9,108.5,16.1
C0616,2025,Snacks,New proposition,Combined,120,"€13,180.00",19,3.8,2.5,24.9,,Stop,1,"€86,500.00",55.6,81.9,19.9
C0617,2025,Personal care,Incremental improvement,Behavioural,240,"€14,430.00",15,4.3,3.0,18.1,,Stop,1,"€76,500.00",45.6,48.9,43.2
C0618,2022,Drinks,Incremental improvement,Survey,240,"€8,130.00",11,4.1,3.1,,,Refine,0,,,,
C0619,2024,Drinks,New proposition,Survey,120,"€7,290.00",10,4.2,3.8,,,Refine,1,,59.7,47.8,16.2
C0620,2022,Snacks,Incremental improvement,Combined,120,"€13,600.00",15,5.4,2.6,40.5,35.0,Refine,0,,,,
C0621,2023,Snacks,New proposition,Behavioural,240,"€12,550.00",16,4.6,3.9,37.9,,Refine,0,,,,
C0622,2024,Drinks,Incremental improvement,Combined,300,"€16,160.00",21,4.8,4.7,28.0,73.6,Progress,1,"€74,300.00",71.8,77.2,31.5
C0623,2023,Drinks,Incremental improvement,Survey,300,"€10,780.00",12,5.3,4.8,,,Progress,1,"€88,000.00",58.9,82.2,11.9
C0624,2024,Snacks,New proposition,Combined,240,"€15,330.00",18,4.5,4.5,21.8,43.4,Refine,1,"€61,300.00",93.0,90.7,19.4
C0625,2024,Snacks,New proposition,Behavioural,240,"€11,960.00",15,6.5,7.0,41.6,,Progress,1,"€71,000.00",80.9,151.3,
C0626,2024,Snacks,New proposition,Survey,400,"€11,220.00",10,3.4,2.9,,,Stop,0,,,,
C0627,2023,Snacks,Incremental improvement,Survey,300,"€10,170.00",14,4.2,3.5,,,Refine,1,,63.9,123.0,20.9
C0628,2023,Personal care,New proposition,Survey,300,"€9,530.00",13,5.1,5.7,,,Progress,1,"€46,200.00",52.2,88.1,
C0629,2025,Snacks,Incremental improvement,Combined,240,"€14,870.00",21,2.9,2.7,15.2,30.1,Stop,0,,,,
C0630,2023,Snacks,Incremental improvement,Survey,180,"€10,120.00",11,3.7,3.5,,,Stop,0,,,,
C0631,2022,Drinks,New proposition,Behavioural,120,"€9,590.00",9,5.3,4.2,30.7,,Progress,0,,,,
C0632,2022,Snacks,Incremental improvement,Combined,300,"€15,640.00",23,3.9,4.5,53.8,78.4,Progress,1,"€83,000.00",54.3,116.8,30.8
C0633,2022,Drinks,Incremental improvement,Combined,300,"€17,460.00",18,4.1,3.5,40.8,,Stop,1,"€52,700.00",,91.9,21.0
C0634,2023,Snacks,Incremental improvement,Survey,180,"€8,040.00",10,4.2,1.8,,,Stop,0,,,,
C0635,2022,Drinks,Incremental improvement,Behavioural,180,"€10,080.00",15,5.1,3.8,35.3,,Refine,0,,,,
C0636,2024,Drinks,New proposition,Survey,240,"€8,870.00",15,4.4,4.8,,,Progress,1,"€18,800.00",68.8,57.3,26.0
C0637,2024,Snacks,Incremental improvement,Behavioural,240,"€11,530.00",15,5.4,3.6,29.1,,Refine,1,"€77,700.00",68.7,98.8,27.7
C0638,2023,Drinks,New proposition,Survey,240,"€8,240.00",14,5.0,4.3,,,Refine,0,,,,
C0639,2025,Drinks,Incremental improvement,Combined,400,"€18,860.00",23,3.2,2.4,32.7,37.6,Stop,0,,,,
C0640,2023,Drinks,Incremental improvement,Survey,300,"€10,580.00",15,5.7,5.8,,,Progress,1,"€20,700.00",39.0,79.3,32.8
C0641,2025,Personal care,New proposition,Combined,180,"€13,580.00",19,4.8,3.9,37.4,34.9,Progress,1,"€106,100.00",44.1,74.6,36.6
C0642,2024,Personal care,New proposition,Behavioural,300,"€13,490.00",15,3.6,1.4,0.4,,Stop,0,,,,
C0643,2023,Personal care,Incremental improvement,Behavioural,300,"€11,290.00",15,4.2,4.3,37.4,,Refine,0,,,,
C0644,2023,Snacks,Incremental improvement,Behavioural,240,"€11,100.00",18,4.3,4.7,16.3,,Progress,1,"€76,000.00",59.1,71.8,23.0
C0645,2025,Snacks,Incremental improvement,Survey,240,"€9,700.00",13,4.3,4.0,,,Refine,0,,,,
C0646,2025,Drinks,New proposition,Combined,180,"€14,180.00",16,5.0,5.7,35.4,,Progress,1,"€53,200.00",76.7,133.8,35.5
C0647,2022,Personal care,Incremental improvement,Survey,180,"€6,660.00",11,4.8,6.1,,,Progress,1,"€95,900.00",55.2,126.1,29.5
C0648,2023,Drinks,Incremental improvement,Survey,400,"€10,640.00",13,4.4,3.7,,,Refine,1,"€35,400.00",43.7,55.7,15.2
C0649,2023,Snacks,New proposition,Behavioural,120,"€8,980.00",16,5.0,3.8,28.9,,Refine,0,,,,
C0650,2024,Personal care,Incremental improvement,Survey,240,"€10,260.00",9,5.4,4.8,,,Progress,1,"€55,300.00",27.5,104.3,30.8
C0651,2025,Drinks,Incremental improvement,Survey,240,"€8,180.00",12,5.3,5.4,,,Progress,0,,,,
C0652,2025,Drinks,Incremental improvement,Behavioural,300,"€14,210.00",18,4.3,3.6,38.0,,Refine,0,,,,
C0653,2025,Personal care,Incremental improvement,Survey,180,"€8,340.00",12,4.4,3.8,,,Refine,1,"€39,800.00",36.3,116.0,30.0
C0654,2024,Personal care,Incremental improvement,Survey,180,"€7,950.00",12,5.6,4.0,,,Refine,0,,,,
C0655,2023,Personal care,Incremental improvement,Behavioural,180,"€11,090.00",17,5.2,5.2,35.8,,Progress,1,"€71,400.00",88.4,146.7,47.8
C0656,2023,Personal care,Incremental improvement,Behavioural,240,"€13,230.00",16,5.4,5.7,41.4,,Progress,1,"€77,800.00",68.1,127.5,38.9
C0657,2022,Snacks,New proposition,Survey,240,"€7,760.00",10,3.3,3.3,,,Refine,1,"€30,000.00",64.8,67.4,10.7
C0658,2023,Snacks,New proposition,Behavioural,300,"€13,750.00",14,4.2,2.8,35.1,,Refine,0,,,,
C0659,2022,Personal care,New proposition,Behavioural,300,"€13,150.00",17,4.9,3.3,37.2,,Refine,1,"€143,100.00",68.0,112.9,46.4
C0660,2025,Snacks,New proposition,Behavioural,120,"€10,370.00",11,5.5,4.0,47.9,,Progress,1,"€54,600.00",81.8,131.3,20.9
C0661,2022,Drinks,New proposition,Behavioural,120,"€8,370.00",14,4.6,4.5,,,Progress,1,"€47,400.00",47.0,62.8,30.2
C0662,2025,Snacks,Incremental improvement,Behavioural,400,"€16,510.00",17,4.7,3.9,24.1,,Refine,1,"€95,400.00",47.7,83.7,
C0663,2023,Snacks,New proposition,Survey,240,"€8,400.00",16,5.7,4.2,,,Progress,1,"€72,700.00",66.6,91.3,26.0
C0664,2024,Snacks,Incremental improvement,Combined,400,"€17,150.00",26,5.0,4.5,38.5,33.1,Progress,1,"€77,700.00",80.0,90.6,44.0
C0665,2022,Personal care,New proposition,Combined,240,"€14,020.00",19,4.1,3.3,28.3,61.2,Stop,0,,,,
C0666,2024,Snacks,Incremental improvement,Behavioural,240,"€11,410.00",14,4.8,3.5,32.6,,Refine,1,"€41,900.00",98.0,110.2,18.0
C0667,2024,Snacks,Incremental improvement,Behavioural,240,"€13,210.00",16,4.8,4.4,35.4,,Refine,1,"€66,300.00",39.9,73.7,29.5
C0668,2024,Drinks,New proposition,Combined,240,"€14,760.00",16,4.0,4.3,30.9,50.8,Progress,1,"€68,400.00",65.2,73.4,17.3
C0669,2024,Snacks,Incremental improvement,Behavioural,400,"€12,410.00",22,4.6,4.6,23.4,,Refine,1,"€80,500.00",54.0,72.1,13.4
C0670,2024,Drinks,New proposition,Behavioural,240,"€12,160.00",20,,4.5,27.8,,Progress,1,"€35,700.00",46.0,94.7,23.6
C0671,2024,Snacks,New proposition,Survey,240,"€7,030.00",11,3.9,3.2,,,Refine,0,,,,
C0672,2025,Snacks,Incremental improvement,Survey,180,"€8,220.00",11,4.8,2.9,,,Stop,1,"€51,200.00",52.2,,33.2
C0673,2025,Snacks,New proposition,Behavioural,240,"€10,420.00",14,4.2,2.9,38.2,,Refine,0,,,,
C0674,2023,Personal care,Incremental improvement,Survey,300,"€10,580.00",13,4.2,3.6,,,Refine,1,"€43,000.00",77.9,34.8,25.4
C0675,2022,Snacks,Incremental improvement,Survey,300,"€8,980.00",10,4.2,3.1,,,Refine,1,"€29,200.00",72.1,80.1,15.6
C0676,2023,Drinks,Incremental improvement,Behavioural,180,"€9,720.00",13,3.6,3.5,29.8,,Stop,1,"€102,100.00",35.9,72.1,35.2
C0677,2025,Snacks,Incremental improvement,Behavioural,120,"€8,780.00",17,5.1,4.0,28.1,,Progress,1,"€46,800.00",70.9,75.7,24.9
C0678,2024,Personal care,Incremental improvement,Combined,180,"€14,510.00",18,5.1,3.6,27.9,43.5,Refine,1,"€122,700.00",84.2,131.8,34.5
C0679,2025,Personal care,Incremental improvement,Behavioural,240,"€12,130.00",16,4.0,4.1,23.2,,Refine,0,,,,
C0680,2025,Snacks,Incremental improvement,Combined,240,"€14,700.00",20,5.8,4.8,24.6,51.7,Progress,1,"€84,700.00",69.3,76.7,31.3
C0681,2022,Personal care,New proposition,Survey,240,"€8,040.00",13,5.5,4.5,,,Progress,1,"€43,700.00",,74.7,18.1
C0682,2023,Drinks,Incremental improvement,Survey,180,"€7,850.00",10,4.6,3.9,,,Refine,0,,,,
C0683,2023,Personal care,Incremental improvement,Behavioural,180,"€11,830.00",15,3.7,3.5,38.8,,Stop,0,,,,
C0684,2022,Snacks,Incremental improvement,Survey,120,"€5,350.00",11,3.6,3.3,,,Stop,1,"€31,400.00",51.1,57.7,23.0
C0685,2023,Personal care,Incremental improvement,Survey,240,"€9,390.00",12,2.7,3.0,,,Stop,0,,,,
C0686,2023,Drinks,Incremental improvement,Behavioural,300,"€13,710.00",18,4.4,4.5,40.9,,Progress,1,"€81,900.00",27.5,71.8,31.9
C0687,2024,Snacks,Incremental improvement,Behavioural,240,"€10,300.00",13,4.5,5.3,,,Progress,1,"€38,200.00",68.0,,14.4
C0688,2023,Drinks,New proposition,Behavioural,180,"€10,590.00",15,4.4,3.6,29.9,,Refine,1,"€88,400.00",67.4,91.9,25.4
C0689,2025,Drinks,New proposition,Behavioural,120,"€9,710.00",14,4.4,3.9,10.4,,Stop,0,,,,
C0690,2024,Personal care,Incremental improvement,Combined,180,"€14,340.00",16,4.7,5.0,,84.4,Progress,1,"€120,700.00",68.0,119.3,42.2
C0691,2022,Personal care,New proposition,Survey,180,"€7,370.00",11,3.8,2.9,,,Stop,0,,,,
C0692,2022,Personal care,Incremental improvement,Survey,240,"€7,630.00",13,3.1,2.9,,,Stop,0,,,,
C0693,2024,Drinks,Incremental improvement,Combined,120,"€12,420.00",17,5.8,4.4,32.0,39.3,Progress,1,"€83,900.00",52.0,106.3,32.3
C0694,2023,Drinks,Incremental improvement,Survey,400,"€10,960.00",16,5.0,4.6,,,Progress,1,"€58,600.00",53.1,132.4,
C0695,2024,Drinks,Incremental improvement,Survey,400,"€11,990.00",13,2.8,3.6,,,Stop,0,,,,
C0696,2024,Drinks,Incremental improvement,Combined,180,"€15,270.00",19,4.8,2.7,20.5,46.0,Stop,0,,,,
C0697,2023,Drinks,Incremental improvement,Behavioural,400,"€15,220.00",22,3.7,3.3,28.0,,Stop,0,,,,
C0698,2024,Personal care,Incremental improvement,Survey,240,"€8,750.00",14,4.0,5.1,,,Progress,0,,,,
C0699,2025,Drinks,Incremental improvement,Behavioural,120,"€9,470.00",15,3.3,3.2,21.3,,Stop,0,,,,
C0700,2025,Drinks,Incremental improvement,Survey,240,"€9,200.00",15,4.2,4.2,,,Refine,0,,,,
C0701,2024,Snacks,New proposition,Behavioural,300,"€12,520.00",17,5.5,4.4,37.4,,Progress,1,"€114,500.00",95.4,153.8,33.0
C0702,2023,Personal care,Incremental improvement,Survey,300,"€8,130.00",11,4.3,5.1,,,Progress,1,,61.3,108.2,50.6
C0703,2024,Drinks,New proposition,Combined,240,"€16,150.00",18,4.6,5.3,57.6,71.6,Progress,1,"€76,700.00",93.8,111.5,39.1
C0704,2023,Drinks,Incremental improvement,Combined,400,"€17,910.00",22,3.7,3.2,,59.1,Stop,0,,,,
C0705,2022,Drinks,New proposition,Survey,400,"€11,900.00",13,4.1,4.1,,,Refine,1,"€33,000.00",46.6,59.4,40.5
C0706,2023,Drinks,Incremental improvement,Survey,400,"€11,690.00",15,3.6,3.0,,,Stop,0,,,,
C0707,2024,Drinks,Incremental improvement,Combined,240,"€14,410.00",19,4.3,3.4,,34.1,Refine,1,"€74,300.00",47.7,,6.7
C0708,2024,Personal care,Incremental improvement,Survey,180,"€7,410.00",8,3.6,3.1,,,Stop,0,,,,
C0709,2025,Drinks,New proposition,Combined,180,"€14,280.00",20,4.9,,10.3,48.9,Stop,0,,,,
C0710,2023,Drinks,Incremental improvement,Survey,300,"€8,720.00",12,4.1,3.6,,,Refine,1,"€50,700.00",49.2,67.2,31.4
C0711,2023,Personal care,Incremental improvement,Survey,300,"€9,220.00",13,4.2,3.6,,,Refine,1,"€106,400.00",75.6,113.6,
C0712,2022,Snacks,Incremental improvement,Behavioural,300,"€11,780.00",17,3.4,4.4,28.6,,Stop,1,"€63,100.00",,77.6,36.2
C0713,2024,Drinks,Incremental improvement,Survey,240,"€8,820.00",9,4.3,2.9,,,Stop,0,,,,
C0714,2022,Drinks,New proposition,Survey,400,"€11,790.00",15,4.4,4.2,,,Refine,1,"€60,200.00",67.1,94.8,18.1
C0715,2022,Drinks,New proposition,Survey,240,"€7,110.00",13,4.6,4.0,,,Progress,1,"€50,500.00",64.0,69.5,33.2
C0716,2024,Personal care,Incremental improvement,Survey,400,"€10,520.00",14,3.6,3.1,,,Stop,0,,,,
C0717,2025,Drinks,Incremental improvement,Behavioural,240,"€13,350.00",18,4.0,3.7,29.4,,Refine,1,"€69,800.00",45.2,77.4,35.2
C0718,2025,Personal care,Incremental improvement,Behavioural,180,"€9,720.00",13,4.3,,34.8,,Progress,1,"€49,000.00",40.1,111.5,30.3
C0719,2025,Drinks,New proposition,Combined,120,"€14,350.00",18,4.2,,31.4,67.1,Refine,1,"€111,100.00",65.3,140.9,39.6
C0720,2024,Drinks,Incremental improvement,Combined,300,"€16,960.00",19,4.5,3.4,43.9,48.7,Stop,0,,,,
C0721,2023,Drinks,New proposition,Behavioural,120,"€11,310.00",13,5.0,3.7,37.7,,Refine,0,,,,
C0722,2025,Snacks,Incremental improvement,Behavioural,180,"€9,540.00",12,5.4,4.0,37.7,,Refine,0,,,,
C0723,2023,Snacks,New proposition,Behavioural,180,"€10,750.00",20,5.8,3.7,28.1,,Refine,1,"€76,500.00",78.7,132.1,25.4
C0724,2023,Drinks,Incremental improvement,Survey,180,"€7,920.00",11,4.9,5.1,,,Progress,1,"€36,600.00",62.9,118.1,45.2
C0725,2022,Snacks,Incremental improvement,Survey,400,"€13,090.00",13,4.5,4.7,,,Refine,1,"€29,000.00",56.1,85.0,13.5
C0726,2025,Drinks,New proposition,Survey,120,"€5,650.00",8,3.9,3.4,,,Refine,0,,,,
C0727,2023,Personal care,Incremental improvement,Survey,300,"€9,300.00",14,3.1,3.8,,,Refine,0,,,,
C0728,2022,Personal care,Incremental improvement,Survey,240,"€8,420.00",12,4.7,3.5,,,Refine,1,,25.1,109.0,37.1
C0729,2023,Snacks,New proposition,Survey,300,"€9,650.00",13,,4.3,,,Refine,1,"€25,900.00",31.8,59.9,16.0
C0730,2022,Snacks,New proposition,Behavioural,400,"€14,560.00",16,2.7,3.5,19.3,,Stop,1,"€61,300.00",55.4,92.5,22.0
C0731,2023,Snacks,Incremental improvement,Behavioural,240,"€10,490.00",11,2.3,3.4,9.2,,Stop,0,,,,
C0732,2022,Drinks,New proposition,Survey,400,"€10,690.00",14,5.3,4.7,,,Progress,1,"€50,800.00",60.9,125.8,29.1
C0733,2022,Drinks,Incremental improvement,Behavioural,240,"€12,110.00",19,3.1,3.6,19.6,,Stop,0,,,,
C0734,2022,Snacks,Incremental improvement,Combined,300,"€16,800.00",21,2.8,4.4,13.0,21.9,Stop,0,,,,
C0735,2022,Personal care,Incremental improvement,Survey,120,"€6,450.00",10,4.0,3.6,,,Refine,1,"€64,700.00",85.4,47.4,14.4
C0736,2025,Drinks,Incremental improvement,Behavioural,300,"€13,490.00",18,4.1,3.8,37.3,,Progress,1,"€59,200.00",47.1,127.8,30.0
C0737,2024,Drinks,Incremental improvement,Survey,240,"€8,580.00",12,4.9,4.5,,,Refine,0,,,,
C0738,2025,Personal care,Incremental improvement,Behavioural,180,"€10,890.00",18,5.3,3.8,16.4,,Refine,0,,,,
C0739,2024,Snacks,Incremental improvement,Survey,400,"€10,170.00",14,5.2,4.8,,,Refine,1,"€46,300.00",60.6,89.9,23.1
C0740,2024,Drinks,Incremental improvement,Survey,240,"€8,280.00",11,4.6,4.7,,,Progress,1,"€30,000.00",58.7,101.1,
C0741,2022,Drinks,Incremental improvement,Survey,180,"€6,470.00",11,4.7,4.3,,,Refine,0,,,,
C0742,2024,Personal care,New proposition,Survey,240,"€8,540.00",10,4.1,4.1,,,Refine,1,,78.5,76.2,34.9
C0743,2024,Drinks,Incremental improvement,Behavioural,300,"€11,710.00",13,4.6,4.8,48.7,,Progress,1,,42.7,108.3,28.7
C0744,2023,Drinks,Incremental improvement,Combined,240,"€16,080.00",17,4.2,3.0,34.7,58.6,Stop,0,,,,
C0745,2023,Personal care,Incremental improvement,Combined,300,"€15,670.00",19,5.2,3.3,40.9,70.6,Refine,0,,,,
C0746,2024,Snacks,Incremental improvement,Combined,180,"€15,280.00",20,3.8,4.2,,43.8,Stop,0,,,,
C0747,2024,Snacks,Incremental improvement,Combined,120,"€12,020.00",14,5.2,5.0,38.0,,Progress,0,,,,
C0748,2025,Snacks,New proposition,Behavioural,240,"€12,440.00",19,4.6,4.3,38.7,,Progress,1,"€72,500.00",59.6,103.1,26.8
C0749,2024,Snacks,Incremental improvement,Behavioural,240,"€11,150.00",16,4.5,4.1,29.5,,Refine,0,,,,
C0750,2025,Snacks,Incremental improvement,Behavioural,300,"€12,830.00",18,3.3,3.6,25.9,,Stop,1,"€30,300.00",71.9,99.3,11.0
